English	Bengali	Tamil	Malayalam	Khmer	Marathi	Panjabi	Burmese	Sinhalese	Telgugu	Gujarati
Precaution Measures AFTER Consultation at Emergency Department	ডাক্তার দেখানোর পর নিরাপদ থাকার জন্য এই নিয়মগুলি মেনে চালবেন	மருத்துவ ஆலோசனைக்குப்பின் செய்ய வேண்டிய முன்னெச்சரிக்கை நடவடிக்கைகள்	അത്യാഹിത വിഭാഗത്തിലെ കൂടിയാലോചനയ്ക്ക് ശേഷം മുൻകരുതൽ നടപടികൾ	វិធានការប្រុងប្រយ័ត្នបន្ទាប់ពីការពិគ្រោះយោបល់នៅនាយកដ្ឋានសង្គ្រោះបន្ទាន់	आपत्कालीन विभागात सल्लामसलती नंतरच्या उपाययोजना	ਐਮਰਜੈਂਸੀ ਵਿਭਾਗ ਵਿਖੇ ਸਲਾਹ-ਮਸ਼ਵਰੇ ਤੋਂ ਬਾਅਦ ਸਾਵਧਾਨੀ ਦੇ ਉਪਾਅ	အရေးပေါ်ဌာနတွင် ညှိနှိုင်းတိုင်ပင်ပြီးနောက် ကြိုတင်ကာကွယ်ရေး စီမံချက်များ	හදිසි තත්ත්ව දෙපාර්තමේන්තුවේ උපදේශනයෙන් පසුව පූර්වාරක්ෂා උපායන්	ఎమర్జెన్సీ డిపార్ట్‌మెంట్‌లో కన్సల్టేషన్ తరువాత ముందస్తు జాగ్రత్త చర్యలు	કટોકટી વિભાગમાં પરામર્શ કર્યા પછી સાવચેતીનાં પગલાં
Please avoid taking public transport.	পাবলিক ট্রান্সপোর্ট (গণপরিবহন) ব্যবহার করা এড়িয়ে চলুন।	பொது போக்குவரத்து சேவை எடுப்பதைத் தவிர்க்கவும்.	പൊതുഗതാഗതം ഉപയോഗിക്കുന്നത്   ഒഴിവാക്കുക.	សូមមេត្តាជៀសវាងប្រើមធ្យោបាយធ្វើដំណើរសាធារណៈ។	कृपया सार्वजनिक वाहतूक करणे टाळा.	ਕ੍ਰਿਪਾ ਕਰਕੇ ਪਬਲਿਕ ਟ੍ਰਾਂਸਪੋਰਟ ਦੀ ਵਰਤੋਂ ਕਰਨ ਤੋਂ ਬਚੋ.	အများသုံးသွားလာရေးကို အသုံးမပြုပါနှင့်။	කරුණාකර පොදු ප්‍රවාහනය භාවිතයෙන් වළකින්න.	దయచేసి పబ్లిక్ ట్రాన్స్‌పోర్ట్‌ని పరిహరించండి.	કૃપા કરીને સાર્વજનિક પરિવહન લેવાનું ટાળો.
You can take your own private transport or a taxi / private hire car.	আপনি নিজের ব্যক্তিগত গাড়ি বা ট্যাক্সি/ব্যক্তিগত ভাড়া গাড়ি ব্যবহার করতে পারেন।	நீங்கள் உங்கள் சொந்த வாகனத்தில் அல்லது டாக்ஸி போன்ற வாடகை காரில் பயணம் செய்யலாம்.	നിങ്ങൾക്ക് സ്വന്തമായി ഒരു സ്വകാര്യ ഗതാഗതം അല്ലെങ്കിൽ ഒരു ടാക്സി / സ്വകാര്യ വാടക കാർ എടുക്കാം.	អ្នកអាចប្រើមធ្យោបាយធ្វើដំណើរឯកជនផ្ទាល់ខ្លួនរបស់អ្នក ឬឡានតាក់ស៊ី / ឡានជួលឯកជន។	आपण आपली स्वतःची खासगी वाहतूक किंवा टॅक्सी / खासगी भाड्याने कार घेऊ शकता.	ਤੁਸੀਂ ਆਪਣੀ ਨਿੱਜੀ ਟ੍ਰਾਂਸਪੋਰਟ ਜਾਂ ਟੈਕਸੀ / ਨਿੱਜੀ ਕਿਰਾਏ ਦੀ ਕਾਰ ਲੈ ਸਕਦੇ ਹੋ.	သင့်ကိုယ်ပိုင်ယာဉ် သို့မဟုတ် တက္ကစီ / တစ်ဦးချင်းငှားသည့် ကားဖြင့် သွားပါ။	ඔබට ඔබේම පෞද්ගලික ප්‍රවාහන හෝ කුලී රථ/පෞද්ගලික කුලී මෝටර් රථයක් ගත හැකිය.	మీరు మీ స్వంత ప్రైవేట్ రవాణా లేదా టాక్సీ / ప్రైవేట్ కిరాయి కారు ఉపయోగించవచ్చు.	તમારા પોતાના ખાનગી વપરાશ માટેનું પરિવહન અથવા ટેક્સી / ખાનગી વપરાશ માટે ભાડેથી ગાડી લઈ શકો છો.
While in the car, wear a mask and sit alone in the back seat.	গাড়ির মধ্যে, মাস্ক পরুন এবং পিছনের সিটে একা বসুন।	வாகனத்தில் இருக்கும்போது, ​​முக கவசத்தை அணிந்து பின் இருக்கையில் தனியாக அமருங்கள்.	കാറിലായിരിക്കുമ്പോൾ, മാസ്ക് ധരിച്ച് പിൻസീറ്റിൽ ഒറ്റയ്ക്ക് ഇരിക്കുക.	ពេលនៅក្នុងឡាន ត្រូវពាក់ម៉ាស ហើយអង្គុយម្នាក់ឯងនៅកៅអីខាងក្រោយ។	कारमध्ये असताना मुखवटा घाला आणि मागील सीटवर एकटे बसा.	ਕਾਰ ਵਿਚ, ਮਾਸਕ ਪਾਓ ਅਤੇ ਪਿਛਲੀ ਸੀਟ 'ਤੇ ਇਕੱਲੇ ਬੈਠੋ.	ကားထဲတွင်ရှိနေစဉ် နှာခေါင်းစည်းဝတ်ပြီး နောက်ဘက်ခုံတန်းတွင် တစ်ဦးတည်း ထိုင်ပါ။	මෝටර් රථයේ සිටියදී මුකවාඩමක් පැළඳ පිටුපස අසුනේ තනිවම වාඩි වන්න.	కారులో ఉన్నప్పుడు, మాస్క్ ధరించి వెనుక సీట్లో ఒంటరిగా కూర్చోండి.	ગાડીમાં હોવ ત્યારે માસ્ક પહેરો અને પાછળની સીટ પર એકલા બેસો.
Wind down car windows and switch off air-conditioning.	গাড়ির জানলা খোলা রাখুন এবং এয়ার কন বন্ধ রাখুন।	வாகன ஜன்னல்களை திறந்து, குளிர் சாதனத்தை அணைக்கவும்.	കാർ വിൻഡോകൾ താഴ്ത്തുകയും ,  എയർ കണ്ടീഷനിംഗ് സ്വിച്ച്  ഓഫും ചെയ്യുക.	យកខ្យល់បើកកញ្ចក់ឡាន ហើយបិទម៉ាស៊ីនត្រជាក់។	कारच्या खिडक्या उघडा आणि एसी बंद करा.	ਕਾਰ ਦੀਆਂ ਖਿੜਕੀਆਂ ਨੂੰ ਬੰਦ ਕਰੋ ਅਤੇ ਏਅਰ ਕੰਡੀਸ਼ਨਿੰਗ ਨੂੰ ਬੰਦ ਕਰੋ.	ကားပြတင်းများကို မှန်ချထားပြီး လေအေးပေးစက်ကို ပိတ်ထားပါ။	කාර් කවුළු වසා දමා වායු සමීකරණ ක්‍රියා විරහිත කරන්න.	కారు కిటికీలను మూసివేసి, ఎయిర్ కండిషనింగ్‌ను ఆపివేయండి.	ગાડીની બારીઓને નીચે કરો અને વાતાનુકૂલન બંધ કરો.
Get a taxi/private hire car receipt for contact tracing purposes, should your swab test result be positive.	আপনার সোয়াব পরীক্ষা যদি পসিটিভ হয়, সেই ক্ষেত্রে যোগাযোগ করার উদ্দেশ্যে ট্যাক্সি/প্রাইভেট ভাড়া গাড়ির রিসিপ্ট (রশিদ) নিয়ে রাখুন।	உங்கள் பரிசோதனை முடிவிலிருந்து நீங்கள் பாதிக்கப்பட்டிருக்கிறீர்கள் என்று தெரியவந்தால், தொடர்பு தேடும் நோக்கங்களுக்கு உதவுவதற்காக டாக்ஸி / தனியார் வாடகை கார் ரசீதைப் பெறுங்கள்.	നിങ്ങളുടെ സ്വാബ് പരിശോധന ഫലം പോസിറ്റീവ് ആണെങ്കിൽ‌ കോൺ‌ടാക്റ്റ് ട്രെയ്‌സിംഗ് ആവശ്യങ്ങൾ‌ക്കായി  ടാക്സി / സ്വകാര്യ വാടക കാർ‌ രസീത് നേടുക	ទទួលបានវិក័យប័ត្ររថយន្តតាក់ស៊ី / ជួលឯកជនសម្រាប់គោលបំណងទំនាក់ទំនង ប្រសិនបើលទ្ធផលតេស្តរបស់អ្នកមានភាពវិជ្ជមាន។	संपर्क शोधण्याच्या उद्देशाने टॅक्सी / खासगी भाड्याच्या कारची पावती मिळवा, जर आपल्या स्वाब चाचणीचा निकाल सकारात्मक असेल तर.	ਜੇ ਤੁਹਾਡੇ ਸਵੈਬ ਟੈਸਟ ਦੇ ਨਤੀਜੇ ਸਕਾਰਾਤਮਕ ਹੋਣਗੇ ਤਾਂ ਸੰਪਰਕ ਟਰੇਸਿੰਗ ਕਰਣ ਦੇ ਉਦੇਸ਼ਾਂ ਲਈ, ਟੈਕਸੀ / ਨਿੱਜੀ ਕਿਰਾਏ ਦੀ ਕਾਰ ਦੀ ਰਸੀਦ ਜ਼ਰੂਰ ਲਓ.	သင့်တို့ဘတ်နမူနာမှာ ပိုးရှိနေပါက ခြေရာခံလုပ်ငန်းစဉ်များအတွက် တက္ကစီ/အငှားယာဉ်၏ ပြေစာ ရယူပါ။	ඔබේ සොබ් පරීක්ෂණ ප්‍රතිඵල ධනාත්මක නම්, සම්බන්ධතා නිරීක්ෂණ අරමුණු සඳහා කුලී රථ/පෞද්ගලික කුලී කාර් රිසිට්පතක් ලබා ගන්න.	మీ స్వాబ్ టెస్ట్ ఫలితాలు పాజిటివ్ అయితే, కాంటాక్ట్ జాడ తెలుసుకోవడానికి ట్యాక్సీ / ప్రైవేట్ కిరాయి కారు రసీదు పొందండి.	જો તમારા સ્વેબ પરીક્ષણનું પરિણામ પોઝિટિવ આવે, તો સંપર્ક શોધી કાઢવાના હેતુ માટે ટેક્સી / ખાનગી ભાડાની કાર રસીદ મેળવો
Isolate yourself at home. You are required by law not to leave your home for the entire duration of your medical leave, except for medical related matters.	বাড়িতে সাবার থেকে আলাদা থাকুন। চিকিৎসা সম্পর্কিত কাজ ছাড়া আপনার বাড়ি থেকে আইনত বের হতে পারবেন না, পুরো চিকিৎসা জনিত ছুটির সময়কালীন।	வீட்டிலேயே உங்களை தனிமைப்படுத்திக் கொள்ளுங்கள். மருத்துவ தொடர்பான விஷயங்களைத் தவிர்த்து, உங்கள் மருத்துவ விடுப்பின் முழு காலத்திற்கும் உங்கள் வீட்டை விட்டு நீங்கள் சட்டப்படி வெளியேறக்கூடாது.	വീട്ടിൽ  ഒറ്റപ്പെടുക. മെഡിക്കൽ സംബന്ധമായ കാര്യങ്ങളൊഴികെ, നിങ്ങളുടെ മെഡിക്കൽ അവധിയുടെ മുഴുവൻ സമയവും നിങ്ങളുടെ വീട്ടിൽ നിന്ന് പുറത്തുപോകരുതെന്ന് നിയമം അനുശാസിക്കുന്നു	សូមដាក់ខ្លួនអ្នកដោយឡែកនៅផ្ទះ។ អ្នកត្រូវបានតម្រូវដោយច្បាប់មិនឱ្យចាកចេញពីផ្ទះរបស់អ្នកក្នុងរយៈពេលពេញមួយនៃការឈប់សម្រាកផ្នែកវេជ្ជសាស្ត្ររបស់អ្នក លើកលែងតែបញ្ហាទាក់ទងនឹងផ្នែកវេជ្ជសាស្ត្រ។	स्वत: ला घरी अलग ठेवा. कायद्यानुसार वैद्यकीय संबंधित गोष्टींशिवाय आपल्या वैद्यकीय रजेच्या संपूर्ण कालावधी दरम्यान आपण आपले घर सोडू नये.	ਆਪਣੇ ਆਪ ਨੂੰ ਘਰ ਵਿਚ ਅਲੱਗ ਕਰੋ. ਕਾਨੂੰਨੀ ਤੌਰ ਤੇ ਤੁਹਾਨੂੰ ਲਾਜ਼ਮੀ ਹੈ ਕਿ ਡਾਕਟਰੀ ਸੰਬੰਧੀ ਮਾਮਲਿਆਂ ਤੋਂ ਇਲਾਵਾ, ਤੁਸੀਂ ਡਾਕਟਰੀ ਛੁੱਟੀ ਦੀ ਪੂਰੀ ਅਵਧੀ ਵਿੱਚ ਆਪਣਾ ਘਰ ਨਾ ਛੱਡੋ.	အိမ်တွင် မိမိကိုယ်တိုင် သီးခြားခွဲနေပါ။ ဥပဒအရ ဆေးဘက်ဆိုင်ရာ ကိစ္စရပ်များမှလွဲ၍ သင်၏ ဆေးဘက်ဆိုင်ရာခွင့်ကာလတစ်လျှောက်လုံးတွင် အိမ်အပြင် မထွက်ရပါ။	නිවසේ හුදෙකලා වන්න. වෛද්‍මය ආශ්‍රිත කරුණු හැර ඔබේ වෛද්‍ය නිවාඩු කාලය පුරාම ඔබේ නිවසින් පිටව නොයන ලෙස නීතියෙන් නියම කර ඇත.	ఇంటిలో మీరు విడిగా ఉండండి వైద్య సంబంధిత వ్యవహారాలు మినహా మీ మెడికల్ లీవ్ మొత్తం కాలానికి చట్టప్రకారం మీరు మీ ఇంటిని విడిచిపెట్టరాదని కోరబడుతోంది.	ઘરે પોતાને અલગ રાખો. કાયદા દ્વારા જરૂરી છે કે તબીબી સંબંધિત બાબતો સિવાય, તમારે તબીબી રજાના સંપૂર્ણ સમયગાળા દરમિયાન ઘરની બહાર નીકળવું નહીં.
If you need to go for any medical appointment, before your swab test result is known, inform the medical staff that you were recently screened for COVID-19 and symptoms you have (if any). You should contact the People’s Association at Tel: 6344 8222 to inform them, before the appointment date.	সোয়াব পরীক্ষার ফলাফল জানার আগে যদি আপনার মেডিকেল অ্যাপয়েন্টমেন্টের জন্য কোথাও যাওয়ার প্রয়োজন হয়, চিকিৎসাকর্মীদের জানিয়ে দেন যে আপনাকে কয়েক দিন আগে COVID-19 (কোভিঢ-১৯) এর জন্য পরীক্ষা করা হয়েছে, এবং আপনার কোন রোগের লক্ষণ থাকলে চিকিৎসাকর্মীকে বলুন। অ্যাপয়েন্টমেন্টের তারিখের আগে আপনার পিপল’স এসোসিয়েশন (জনগণের সংস্থার) সাথে টেলেফোনে যোগাযোগ করা উচিত (6344 8222)।	உங்கள் பரிசோதனை முடிவை பெறுவதற்கு முன்பு நீங்கள் எந்த மருத்துவ சந்திப்புக்கும் செல்ல வேண்டியிருந்தால்,  நீங்கள் சமீபத்தில் COVID-19 க்காக பரிசோதிக்கப்பட்டதை மருத்துவ ஊழியர்களுக்கு தெரிவிக்கவும். உங்களிடம் உள்ள அறிகுறிகள் (ஏதேனும் இருந்தால்) அவற்றையும் அவர்களுக்குத் தெரிவியுங்கள். இதற்கு சந்திப்பு தேதிக்கு முன்னதாக, தொலைபேசி: 6344 8222 என்ற எண்ணில் மக்கள் சங்கத்தை தொடர்பு கொள்ள வேண்டும்.	നിങ്ങളുടെ കൈലേസിൻറെ  പരിശോധന ഫലം അറിയുന്നതിനു മുമ്പ്   മെഡിക്കൽ അപ്പോയിന്റ്‌മെന്റിന് ആയി പോകേണ്ടതുണ്ട്ങ്കിൽ  , നിങ്ങൾ അടുത്തിടെ COVID-19 നായി പരിശോധന നടത്തിയതായും നിങ്ങളുടെ ലക്ഷണങ്ങൾ  (എന്തെങ്കിലുമുണ്ടെങ്കിൽ) മെഡിക്കൽ സ്റ്റാഫിനെ അറിയിക്കുക. നിയമന തീയതിക്ക് മുമ്പായി നിങ്ങൾ  പീപ്പിൾസ് അസോസിയേഷനുമായി ബന്ധപ്പെടണം(ടെൽ: 6344 8222)	ប្រសិនបើអ្នកត្រូវការទៅការណាត់ជួបផ្នែកវេជ្ជសាស្រ្តណាមួយមុនពេលដែលលទ្ធផលនៃការធ្វើតេស្តរបស់អ្នក សូមជូនដំណឹងដល់បុគ្គលិកពេទ្យថាអ្នកត្រូវបានពិនិត្យរកមើល COVID-19 និងរោគសញ្ញាដែលអ្នកមាន (ប្រសិនបើមាន) ។ អ្នកគួរទាក់ទងសមាគមប្រជាជនតាមរយៈទូរស័ព្ទលេខ 6344 8222 ដើម្បីជូនដំណឹងដល់ពួកគេ មុនកាលបរិច្ឆេទណាត់ជួប។	आपणास कोणत्याही वैद्यकीय भेटीसाठी जाण्याची आवश्यकता असल्यास, आपल्या स्वाब चाचणीचा निकाल माहित होण्यापूर्वी, वैद्यकीय कर्मचार्‍यांना आपली अलीकडेच कोविड -19 साठी चाचणी झालेली आहे याबद्दल आणि आपल्या लक्षणांबद्दल (काही असल्यास) सांगा. अपॉईंटमेंटच्या तारखेपूर्वी त्यांना माहिती देण्यासाठी आपण पीपल्स असोसिएशनशी दूरध्वनी: 6344 8222 वर संपर्क साधावा.	ਜੇ ਤੁਹਾਨੂੰ ਤੁਹਾਡੇ ਸਵੈਬ ਟੈਸਟ ਦੇ ਨਤੀਜੇ ਜਾਣਨ ਤੋਂ ਪਹਿਲਾਂ, ਕਿਸੇ ਡਾਕਟਰੀ ਮੁਲਾਕਾਤ ਲਈ ਜਾਣ ਦੀ ਜ਼ਰੂਰਤ ਹੈ, ਤਾਂ ਮੈਡੀਕਲ ਸਟਾਫ ਨੂੰ ਦੱਸੋ ਕਿ ਤੁਹਾਡੀ ਹਾਲ ਹੀ ਵਿੱਚ COVID-19 ਵਾਸਤੇ ਜਾਂਚ ਕੀਤੀ ਗਈ ਸੀ ਅਤੇ ਆਪਣੇ ਲੱਛਣਾਂ ਬਾਰੇ ਦੱਸੋ (ਜੇ ਕੋਈ ਹੈ). ਤੁਹਾਨੂੰ ਮੁਲਾਕਾਤ ਦੀ ਮਿਤੀ ਤੋਂ ਪਹਿਲਾਂ ਉਨ੍ਹਾਂ ਨੂੰ ਸੂਚਿਤ ਕਰਨ ਲਈ ਪੀਪਲਜ਼ ਐਸੋਸੀਏਸ਼ਨ ਨੂੰ ਫੋਨ: 6344 8222 'ਤੇ ਸੰਪਰਕ ਕਰਨਾ ਚਾਹੀਦਾ ਹੈ.	သင်၏ တို့ဘတ်နမူနာရလဒ်ကို မသိရသေးမီ ဆေးဘက်ဆိုင်ရာ ပြသမှုချိန်းဆိုချက်သို့ သွားရန်ရန် လိုအပ်ပါက၊ COVID-19 အတွက် လတ်တလော သင်စစ်ဆေးမှုခံယူကြောင်းနှင့် သင့်တွင် ရှိသည့် ရောဂါလက္ခဏာများ (ရှိပါက) ကို ဆေးဘက်ဆိုင်ရာ ဝန်ထမ်းအား အသိပေးပါ။ ရက်ချိန်းမတိုင်မီ People’s Association ဖုန်းနံပါတ် 6344 8222 သို့ ဖုန်းခေါ်ဆိုပြီး အသိပေးရပါမည်။	ඔබේ සොබ් පරීක්ෂණ ප්‍රතිඵලය දැන ගැනීමට පෙර ඔබට කිසියම් වෛද්‍ය හමුවීමක් සඳහා යාමට අවශ්‍ය නම්, ඔබ මෑතකදී COVID-19 සඳහා පරීක්ෂාවට ලක් කළ බව සහ ඔබට ඇති රෝග ලක්ෂණ (ඇත්නම්) වෛද්‍ය කාර්ය මණ්ඩලයට දන්වන්න. ඔවුන් දැනුවත් කිරීම සඳහා, හමුවීම් දිනයට පෙර දුරකථන අංක 6344 8222 හරහා ඔබ මහජන සංගමය ඇමතිය යුතුය.	మీరు ఏదైనా మెడికల్ అపాయింట్‌మెంట్‌కు వెళ్లాల్సిన అవసరం ఉంటే, మీ స్వాబ్ పరీక్షా ఫలితం తెలియకముందే, మీరు ఇటీవల COVID-19 కొరకు పరీక్షించబడ్డారని మరియు మీకు ఉన్న రోగలక్షణాలు (ఏదైనా ఉంటే) గురించి వైద్య సిబ్బందికి తెలియజేయండి.‌ అపాయింట్‌మెంట్ తేదీకి ముందే వారికి తెలియజేయడానికి మీరు టెలిఫోన్: 6344 8222 ద్వారా పీపుల్స్ అసోసియేషన్‌ను సంప్రదించాలి.	તમારા સ્વેબ પરીક્ષણના પરિણામ જાણતા પહેલાં, જો તમારે કોઈ તબીબી એપોઇન્ટમેન્ટ માટે જવાની જરૂર હોય, તો તબીબી સ્ટાફને જાણ કરો કે તમને તાજેતરમાં COVID-19 અને તમને જે લક્ષણો (જો કોઈ હોય તો) હોય તે માટે તપાસવામાં આવ્યા છે. નિમણૂકની તારીખ પહેલાં, તમારે પીપલ્સ એસોસિએશનને જાણ કરવા માટે તેમનો સંપર્ક ટેલિફોન: 6344 8222 પર કરવો જોઈએ.
Ask your family members to monitor their health. If they have fever or respiratory symptoms, such as cough, sore throat or shortness of breath, advise them to put on a surgical mask and seek medical attention at any general practitioner’s clinic. They should inform the general practitioner of their travel history or contact with you.	আপনার পরিবারের সদস্যদের স্বাস্থ্যের উপর নজর রাখতে বলুন। যদি তাদের জ্বর বা বুকের সমস্যা থাকে (যেমন কাশি, গলা ব্যথা বা শ্বাসকষ্ট), তাদের সার্জিকাল মাস্ক পরে কোনো ডাক্তার দেখাতে বলুন। তাদের ভ্রমণ বিবরণ ও আপনার সাথে দেখাসাক্ষাত হয়েছে কিনা যেকোন ডাক্তারকে জানিয়ে রাখেন।	உங்கள் குடும்ப உறுப்பினர்களின் ஆரோக்கியத்தை கண்காணிக்கச் சொல்லுங்கள். அவர்களுக்குக் காய்ச்சல், இருமல், தொண்டை வலி அல்லது மூச்சுத் திணறல் போன்ற சுவாசப் பிரச்சணை அறிகுறிகள் இருந்தால், முகக் கவசத்தை அணியவும், எந்தவொரு பொது பயிற்சியாளரின் கிளினிக்கிலும் மருத்துவ உதவியைப் பெறவும் அவர்களுக்கு அறிவுறுத்துங்கள்.	നിങ്ങളുടെ കുടുംബാംഗങ്ങളുടെ ആരോഗ്യം നിരീക്ഷിക്കാൻ  അവരോടു തന്നെ ആവശ്യപ്പെടുക  പനി അല്ലെങ്കിൽ ശ്വാസകോശ ലക്ഷണങ്ങൾ ഉണ്ടെങ്കിൽ,(അതായതു ചുമ, തൊണ്ടവേദന അല്ലെങ്കിൽ ശ്വാസതടസ്സം),  ശസ്ത്രക്രിയാ മാസ്ക് ധരിക്കാനും ഏതെങ്കിലും പൊതു പ്രാക്ടീഷണറുടെ ക്ലിനിക്കിൽ വൈദ്യസഹായം തേടാനും അവരെ ഉപദേശിക്കുക. അവരുടെ യാത്രാ ചരിത്രം അല്ലെങ്കിൽ നിങ്ങളുമായി  ബന്ധപ്പെട്ടതിനെ കുറിച്ച്   അവർ പൊതു പരിശീലകനെ അറിയിക്കണം.	សុំឱ្យសមាជិកគ្រួសារអ្នកតាមដានសុខភាពរបស់ពួកគេ។ ប្រសិនបើពួកគេមានក្តៅខ្លួន ឬរោគសញ្ញាផ្លូវដង្ហើមដូចជាក្អក ឈឺបំពង់ក ឬដកដង្ហើមខ្លីណែនាំឱ្យពួកគេដាក់របាំងវះកាត់ និងស្វែងរកការយកចិត្តទុកដាក់ផ្នែកវេជ្ជសាស្ត្រនៅគ្លីនិកព្យាបាលរោគទូទៅ។ ពួកគេគួរតែជូនដំណឹងដល់អ្នកអនុវត្តទូទៅអំពីប្រវត្តិធ្វើដំណើរ ឬទាក់ទងជាមួយអ្នក។	आपल्या कुटुंबातील सदस्यांना त्यांच्या आरोग्यावर नजर ठेवण्यास सांगा. जर त्यांना ताप किंवा श्वासोच्छवासाची लक्षणे दिसली, जसे की खोकला, घसा खवखवणे किंवा श्वासाची गतीमंदावणे,तर त्यांना सर्जिकल मास्क घालण्याचा सल्ला द्या आणि कोणत्याही वैद्यकीय चिकित्सकाच्या क्लिनिकमध्ये वैद्यकीय मदत घ्या. त्यांनी वैद्यकीय चिकित्सकास त्यांच्या प्रवासाच्या इतिहासाची अथवा आपल्यासोबत आलेल्या संपर्काची माहिती दिली पाहिजे.	ਆਪਣੇ ਪਰਿਵਾਰਕ ਮੈਂਬਰਾਂ ਨੂੰ ਉਨ੍ਹਾਂ ਦੀ ਸਿਹਤ ਦੀ ਨਿਗਰਾਨੀ ਕਰਨ ਲਈ ਕਹੋ. ਜੇ ਉਨ੍ਹਾਂ ਨੂੰ ਬੁਖਾਰ ਜਾਂ ਸਾਹ ਦੇ ਲੱਛਣ  ਹਨ, ਜਿਵੇਂ ਕਿ ਖਾਂਸੀ, ਗਲ਼ੇ ਦੀ ਸੋਜ ਜਾਂ ਸਾਹ ਦੀ ਕਮੀ, ਤਾਂ ਉਨ੍ਹਾਂ ਨੂੰ ਇੱਕ ਸਰਜੀਕਲ ਮਾਸਕ ਲਗਾਉਣ ਅਤੇ ਕਿਸੇ ਜਨਰਲ ਪ੍ਰੈਕਟੀਸ਼ਨਰ ਕਲੀਨਿਕ ਤੋਂ ਡਾਕਟਰੀ ਸਹਾਇਤਾ ਲੈਣ ਦੀ ਸਲਾਹ ਦਿੱਤੀ. ਉਨ੍ਹਾਂ ਨੂੰ ਚਾਹੀਦਾ ਹੈ ਕਿ ਜਨਰਲ ਪ੍ਰੈਕਟੀਸ਼ਨਰ ਨੂੰ ਆਪਣੇ ਯਾਤਰਾ ਦੇ ਇਤਿਹਾਸ ਜਾਂ ਤੁਹਾਡੇ ਨਾਲ ਸੰਪਰਕ ਬਾਰੇ ਸੂਚਿਤ ਕਰਨ .	၎င်းတို့၏ ကျန်းမာရေးကို စောင့်ကြည့်ရန် သင့်မိသားစုကို အကူအညီတောင်းပါ။ ၎င်းတို့တွင် အဖျားတက်ခြင်း သို့မဟုတ် ချောင်းဆိုးခြင်း၊ လည်ချောင်းနာခြင်း သို့မဟုတ် အသက်ရှူကြပ်ခြင်းကဲ့သို့သော အသက်ရှူလမ်းကြောင်းဆိုင်ရာ ရောဂါလက္ခဏာများရှိပါက ခွဲစိတ်ခန်းသုံး နှာခေါင်းစည်း ဝတ်ရန်နှင့် အထွေထွေ ရောဂါကု ဆေးခန်းတစ်ခုခုတွင် ဆေးဘက်ဆိုင်ရာ ကုသမှု ရယူရန် အကြံပေးပါ။ ၎င်းတို့က ၎င်းတို့၏ ခရီးသွားမှတ်တမ်း သို့မဟုတ် သင်နှင့်ထိတွေ့မှုအကြောင်း အထွထွေ ရောဂါကုဆရာဝန်ကို အသိပေးရမည်။	ඔබේ පවුලේ සාමාජිකයින්ගේ සෞඛ්‍යය නිරීක්ෂණය කරන ලෙස ඉල්ලා සිටින්න. ඔවුන්ට උණ හෝ කැස්ස, උගුරේ අමාරුව හෝ හුස්ම හිරවීම වැනි ශ්වසන රෝග ලක්ෂණ ඇත්නම්, ශල්‍ය මුකවාඩමක් පැළඳගෙන ඕනෑම සාමාන්‍ය වෛද්‍යවරයකුගේ සායනයක වෛද්‍ය ප්‍රතිකාර ලබා ගැනීමට ඔවුන්ට උපදෙස් දෙන්න. ඔවුන් ඔවුන්ගේ ගමන් ඉතිහාසය හෝ ඔබ සමඟ සම්බන්ධතාවය පිළිබඳව සාමාන්‍ය වෛද්‍යවරයාට දැනුම් දිය යුතුය.	వారికి జ్వరం లేదా శ్వాసకోశ లక్షణాలు ఉంటే, దగ్గు, గొంతు నొప్పి లేదా శ్వాస తీసుకోవడం కష్టంగా ఉంటే వంటివి ఉంటే, సర్జికల్ మాస్క్ ధరించమని మరియు ఏదైనా సాధారణ వైద్యుడి క్లినిక్‌లో వైద్య సహాయం తీసుకోమని సలహా ఇవ్వండి. వారు తమ ప్రయాణ చరిత్ర లేదా మిమ్మల్ని కాంటాక్ట్ చేసిన విషయాన్ని వారు జనరల్ ప్రాక్టీషనర్‌కు తెలియజేయాలి.	તમારા પરિવારના સભ્યોને તેમના સ્વાસ્થ્ય પર નજર રાખવા માટે કહો. જો તેમને તાવ અથવા શ્વસન સંબંધી લક્ષણો હોય, જેમ કે ઉધરસ, ગળામાં દુખાવો અથવા શ્વાસ લેવામાં તકલીફ તો, તેઓને સર્જિકલ માસ્ક પહેરવાની અને કોઈપણ ડોક્ટરના ક્લિનિકમાં તબીબી સહાય લેવાની સલાહ આપો. તેઓએ તેમના મુસાફરીના ઇતિહાસની અથવા તમારી સાથે સંપર્કમાં આવ્યાની જાણ ડોક્ટરને કરવી જોઈએ.
While in Isolation	বিচ্ছিন্ন অবস্থানকালীন	தனிமைப்படுத்திக் கொண்டிருக்கும்போது	ഒറ്റപ്പെടലിൽ ആയിരിക്കുമ്പോൾ	ពេលនៅដាក់ខ្លួនអ្នកដោយឡែក	अलगाव मध्ये असताना	ਇਕੱਲਤਾ ਵਿੱਚ	သီးခြားခွဲနေစဉ်	හුදකලාව සිටියදී	స్వీయ నిర్బంధంలో ఉన్నప్పుడు	જ્યારે અલગ હો ત્યારે
Stay in a separate room at home, ideally with an attached bathroom, to minimise interaction with the rest of the household. If you are using a shared bathroom, surfaces that you touched should be wiped down before and after use.	বাসার অন্যান্য সদস্যদের সাথে যোগাযোগ যথাসম্ভব কম করার জন্য আলাদা একটি ঘরে থাকুন। আলাদা বাথরুম হলে ভালো হয়। যদি আপনি যে বাথরুম ব্যবহার করছেন সেই বাথরুম অন্যরাও ব্যবহার করে, তাহলে আপনার ব্যবহারের পর (এবং অন্য কারুর ব্যবহারের আগে) যে সব জায়গা আপনি স্পর্শ করেছেন সেই সব জায়গা পরিস্কার করে মুছে ফেলা উচিত।	மற்ற வீட்டுக்காரர்களுடனான தொடர்பைக் குறைக்க, வீட்டிலுள்ள ஒரு தனி அறையில் தங்கியிருங்கள், முடிந்தால் இணைக்கப்பட்ட தனி கழிவறையுடன். நீங்கள் மற்றவர்களுடன் கழிவறையை பகிர்ந்து பயன்படுத்துகிறீர்கள் என்றால், நீங்கள் தொட்ட மேற்பரப்புகள் பயன்பாட்டிற்கு முன்னும் பின்னும் துடைக்கப்பட வேண்டும்.	വീട്ടിലെ ഒരു പ്രത്യേക മുറിയിൽ താമസിക്കുക, അറ്റാച്ചുചെയ്‌ത ബാത്ത്‌റൂം ഉപയോഗിക്കുക , അങ്ങനെ ചെയ്താൽ വീട്ടുകാരുമായുള്ള  സമ്പർക്കം കുറക്കാൻ സാധിക്കും നിങ്ങൾ ഒരു  പൊതുവായ കുളിമുറി ഉപയോഗിക്കുകയാണെങ്കിൽ, ഉപയോഗത്തിന് മുമ്പും ശേഷവും നിങ്ങൾ സ്പർശിച്ച ഉപരിതലങ്ങൾ തുടച്ചു വൃത്തിയാക്കണം	ស្នាក់នៅបន្ទប់ដាច់ដោយឡែកនៅផ្ទះ គំនិតល្អបំផុតគឺមានបន្ទប់ទឹកភ្ជាប់ដើម្បីកាត់បន្ថយការប្រាស្រ័យទាក់ទងជាមួយគ្រួសារដែលនៅក្នុងផ្ទះ។ ប្រសិនបើអ្នកកំពុងប្រើបន្ទប់ទឹករួមគ្នា នោះផ្ទៃដែលអ្នកបានប៉ះគួរតែត្រូវបានជូតយ៉ាងស្អាត និងនៅក្រោយពេលប្រើ។	कुटुंबीयांसोबत कमीत कमी संपर्क व्हावा यासाठी, घरामध्ये वेगळ्या खोलीत, शक्यतो संलग्न बाथरूम असणार्‍या खोलीत रहा. आपण सामायिक बाथरूम वापरत असल्यास, आपण स्पर्श केलेले पृष्ठभाग वापरापूर्वी आणि नंतर पुसून टाकावेत.	ਬਾਕੀ ਪਰਿਵਾਰ ਨਾਲ ਗੱਲਬਾਤ ਨੂੰ ਘੱਟ ਤੋਂ ਘੱਟ ਕਰਨ ਲਈ ਘਰ ਦੇ ਇਕ ਵੱਖਰੇ ਕਮਰੇ ਵਿਚ ਰਹੋ, ਆਦਰਸ਼ਕ ਤੌਰ 'ਤੇ ਇਕ ਜੁੜੇ ਬਾਥਰੂਮ ਨਾਲ. ਜੇ ਤੁਸੀਂ ਸਾਂਝੇ ਬਾਥਰੂਮ ਦੀ ਵਰਤੋਂ ਕਰ ਰਹੇ ਹੋ, ਤਾਂ ਜਿਹੜੀਆਂ ਸਤਹਾਂ ਨੂੰ ਤੁਸੀਂ ਛੂਹਿਆ ਹੈ ਉਨ੍ਹਾਂ ਨੂੰ ਵਰਤੋਂ ਤੋਂ ਪਹਿਲਾਂ ਅਤੇ ਬਾਅਦ ਵਿੱਚ ਸਾਫ਼ ਕਰਨਾ ਚਾਹੀਦਾ ਹੈ.	အိမ်တွင် သီးခြားအခန်းထဲ၌ နေပါ၊ ဖြစ်နိုင်ပါက အခြားအိမ်ထောင်စုဝင်များနှင့် ထိတွေ့မှုကို အနည်းဆုံးလျှော့ချရန် သီးသန့် သန့်စင်ခန်းသုံးပါ။ မျှဝေသုံး သန့်စင်ခန်းကို သုံးနေပါက သင်ထိကိုင်သည့် မျက်နှာပြင်များကို မသုံးမီနှင့် သုံးပြီးနောက် ပွတ်သုတ်ရမည်။	නිවසේ සෙසු කාමර සමඟ අන්තර් ක්‍රියාකාරිත්වය අවම කිරීම සඳහා නිවසේ යා කළ නාන කාමරයක් හිත වෙනම කාමරයක රැඳී සිටින්න. ඔබ හවුල් නාන කාමරයක් භාවිතා කරන්නේ නම්, ඔබ ස්පර්ශ කළ මතුපිට භාවිතයට පෙර සහ පසු පිස දැමිය යුතුය.	ఇంటిలోని మిగిలినవారిని కలవడాన్ని తగ్గించడానికి, అటాచ్డ్ బాత్‌రూమ్‌తో ఉన్న గదిలో విడిగా ఉండండి. మీరు షేర్డ్ బాత్రూమ్ ఉపయోగిస్తుంటే, మీరు తాకిన ఉపరితలాలు ఉపయోగం ముందు మరియు తరువాత తుడవాలి.	ઘરના બાકીના લોકો સાથે ક્રિયાપ્રતિક્રિયા ઘટાડવા માટે, ઘરમાં એક અલગ રૂમમાં રહો, જેમાં ખાસ કરીને એક બાથરૂમ હોય. જો તમે એક કરતા વધારે લોકો દ્વારા ઉપયોગમાં લેવાતા બાથરૂમનો ઉપયોગ કરી રહ્યાં છો, તો જે સપાટીને તમે સ્પર્શ કરો છે તેને ઉપયોગ કરતા પહેલાં અને પછી સાફ કરવું જોઈએ.
Arrange for food, water and other supplies to be placed outside your room for you to collect and bring into the room.	খাবার, জল ও অন্যান্য দরকারের জিনিস দরজার বাইরে রেখে দেওয়ার ব্যবস্থা করুন যেখান থেকে আপনি পরে তুলে নিয়ে ঘরে আনতে পারবেন।	உங்கள் அறைக்கு வெளியே உங்களுக்கு தேவையான உணவு, தண்ணீர் மற்றும் பிற பொருட்களை வைக்க ஏற்பாடு செய்யுங்கள். பிறகு அவற்றை நீங்கள் சேகரித்து அறைக்குள் கொண்டு வரலாம்.	ഭക്ഷണം, വെള്ളം, മറ്റ് സാധനങ്ങൾ എന്നിവ നിങ്ങളുടെ മുറിക്ക് പുറത്ത് വയ്ക്കാൻ ക്രമീകരണം നടത്തിയാൽ നിങ്ങൾക്കു അത്  ശേഖരിച്ചു എടുത്തു കൊണ്ട് വന്നു മുറിയിൽ കൊണ്ടുവരുവാൻ സാധിക്കും	រៀបចំឱ្យមានម្ហូបអាហារទឹក និងសម្ភារៈផ្សេងទៀតដែលត្រូវដាក់នៅខាងក្រៅបន្ទប់របស់អ្នកដើម្បីឱ្យអ្នកប្រមូល និងយកទៅក្នុងបន្ទប់។	अन्न, पाणी आणि इतर वस्तूंची आपल्या खोलीच्या बाहेर ठेवता येतील अशी व्यवस्था करा, जेणेकरून ती आपण स्वत: गोळा करून खोलीत न्याल.	ਇਸ ਦਾ ਪ੍ਰਬੰਧ ਕਰੋ ਕਿ ਤੁਹਾਡਾ ਖਾਣਾ, ਪਾਣੀ ਅਤੇ ਹੋਰ ਸਮਾਨ ਤੁਹਾਡੇ ਕਮਰੇ ਦੇ ਬਾਹਰ ਰੱਖ ਦਿੱਤਾ ਜਾਵੇ ਤਾਂ ਜੋ ਤੁਸੀਂ ਇਸ ਨੂੰ ਲੈ ਕੇ ਕਮਰੇ ਵਿਚ ਲਿਆ ਸਕੋ.	အစားအသောက်၊ ရေနှင့် အခြား လိုအပ်သောပစ္စည်းများကို သင်လှမ်းပြီးနိုင်စေရန် သင့်အခန်းအပြင်တွင် စီစဉ်ထားရပါမည်။	එකතු කර කාමරයට ගෙන ඒම සඳහා ආහාර, ජලය සහ වෙනත් සැපයුම් ඔබේ කාමරයෙන් පිටත තැබීමට කටයුතු සම්පාදනය කරන්න.	మీరు కలెక్ట్ చేసుకోవడానికి మరియు గదిలోకి తీసుకురావడానికి మీ గది వెలుపల ఆహారం, నీరు మరియు ఇతర సామాగ్రిని ఉంచడానికి ఏర్పాట్లు చేయండి.	તમારા રૂમમાં એકઠું કરી શકાય અને લાવી શકાય તે માટે તમારા રૂમની બહાર ખોરાક, પાણી અને અન્ય પુરવઠા મૂકવા માટેની વ્યવસ્થા કરો.
Minimise contact with your family members, especially seniors at home, until you are informed of a negative swab test result.	যতক্ষণ আপনার সোয়াব পরীক্ষার ফলাফল না জানতে পারছেন, ততক্ষন আপনার পরিবারের সদস্যদের সাথে বিশেষত বয়স্কদের সাথে যোগাযোগ যতটা সম্ভব কম রাখুন।	பரிசோதனை முடிவு உங்களுக்கு அறிவிக்கப்படும் வரை, உங்கள் குடும்ப உறுப்பினர்களுடன், குறிப்பாக வீட்டில் மூத்தவர்களுடன் தொடர்பைக் குறைக்கவும்.	നെഗറ്റീവ് കൈലേസിൻറെ ഫലത്തെക്കുറിച്ച് നിങ്ങളെ അറിയിക്കുന്നതുവരെ നിങ്ങളുടെ കുടുംബാംഗങ്ങളുമായുള്ള, പ്രത്യേകിച്ച് വീട്ടിലെ മുതിർന്നവരുമായുള്ള സമ്പർക്കം കുറയ്ക്കുക.	បន្ថយជាអប្បបរមានូវទំនាក់ទំនងជាមួយសមាជិកគ្រួសាររបស់អ្នក ជាពិសេសមនុស្សវ័យចំណាស់នៅផ្ទះរហូតដល់អ្នកត្រូវបានជូនដំណឹងអំពីលទ្ធផលតេស្តអវិជ្ជមាន។	आपल्या कुटुंबातील सदस्यांशी, विशेषत: ज्येष्ठांशी, संपर्क कमी करा जोपर्यंत आपणास नकारात्मक स्वॅब चाचणीच्या परिणामाची माहिती दिली जात नाही.	ਆਪਣੇ ਪਰਿਵਾਰਕ ਮੈਂਬਰਾਂ, ਖ਼ਾਸਕਰ ਘਰ ਵਿੱਚ ਬਜ਼ੁਰਗਾਂ ਦੇ ਨਾਲ ਸੰਪਰਕ ਘੱਟੋ ਘੱਟ ਕਰੋ, ਜਦੋਂ ਤੱਕ ਤੁਹਾਨੂੰ ਸਕਾਰਾਤਮਕ ਸਵੈਬ ਟੈਸਟ ਦੇ ਨਤੀਜੇ ਦੀ ਜਾਣਕਾਰੀ ਨਹੀਂ ਮਿਲ ਜਾਂਦੀ.	တို့ဘတ်နမူနာအရ ပိုးမရှိတော့ဟု မသိရမချင်း သင့်မိသားစုဝင်များ အထူးသဖြင့် လူကြီးများနှင့် ထိတွေ့မှုကို အနည်းဆုံး လျှော့ချပါ။	ඍණාත්මක සොබ් පරීක්ෂණ ප්‍රතිඵලයක් පිළිබඳව ඔබට දැනුම් දෙන තුරු ඔබේ පවුලේ සාමාජිකයන්, විශේෂයෙන් නිවසේ සිටින ජ්‍යෙෂ්ඨයන් සමඟ සම්බන්ධතා අවම කරන්න.	మీకు నెగిటివ్ స్వాబ్ టెస్ట్ వచ్చేంత వరకు మీ ఇంటిలోని కుటుంబసభ్యులను, మరిముఖ్యంగా పెద్దవారిని తాకడాన్ని కనిష్టం చేయండి.	જ્યાં સુધી તમને નેગેટિવ સ્વેબ પરીક્ષણ પરિણામની જાણ ન થાય, ત્યાં સુધી તમારા પરિવારના સભ્યો, ખાસ કરીને ઘરના વરિષ્ઠો સાથે સંપર્ક ઓછો કરો.
Take Charge of Your Health	আপনার স্বাস্থ্যের প্রতি খেয়াল রাখুন	உங்கள் உடல்நலத்திற்கு பொறுப்பேற்கவும்	നിങ്ങളുടെ ആരോഗ്യത്തിന്റെ ചുമതല    സ്വയം  ഏറ്റെടുക്കുക	សូមទទួលបន្ទុកសុខភាពរបស់អ្នក	आपल्या आरोग्याची जबाबदारी स्वीकारा	ਆਪਣੀ ਸਿਹਤ ਦੀ ਜ਼ਿੰਮੇਵਾਰੀ ਲਓ	သင့်ကျန်းမာရေးကို သင်တာဝန်ယူပါ	ඔබේ සෞඛ්‍යය ගැන සැලකිලිමත් වෙන්න	మీ ఆరోగ్యం పట్ల శ్రద్ధ వహించండి	પોતાના સ્વાસ્થ્યનું ધ્યાન રાખવાની જવાબદારી લો.
Maintain good personal hygiene, including washing your hands with soap and water frequently, avoid touching your eyes, nose and mouth, and covering your mouth when coughing or sneezing.	নিজস্ব পরিষ্কার পরিচ্ছন্নতা বজায় রাখুন। ঘন ঘন সাবান ও জল দিয়ে হাত পরিস্কার করুন। চোখ, নাক ও মুখে হাত দেবেন না। হাঁচি এবং কাশি হলে মুখ ঢাকুন।	தனிப்பட்ட சுகாதாரத்தை பராமரிக்கவும் சோப் மற்றும் தண்ணீரைகொண்டு உங்கள் கைகளை அடிக்கடி கழுவுவும். உங்கள் கண்கள், மூக்கு மற்றும் வாயைத் தொடுவதைத் தவிர்க்கவும் இருமும்போதோ அல்லது தும்மும்போதோ உங்கள் வாயை மூடுவும்.	ഇടയ്ക്കിടെ സോപ്പും വെള്ളവും ഉപയോഗിച്ച് കൈ കഴുകുക, നിങ്ങളുടെ കണ്ണുകൾ, മൂക്ക്, വായ എന്നിവ തൊടുന്നത് ഒഴിവാക്കുക, ചുമയോ തുമ്മുകയോ ചെയ്യുമ്പോൾ വായ മൂടുക എന്നിവ ഉൾപ്പെടെയുള്ള നല്ല വ്യക്തിശുചിത്വം പാലിക്കുക.	សូមថែរក្សាអនាម័យផ្ទាល់ខ្លួនឱ្យបានល្អ រួមទាំងលាងដៃជាមួយសាប៊ូ និងទឹកឱ្យបានញឹកញាប់ជៀសវាងការប៉ះភ្នែក ច្រមុះ និងមាត់ និងគ្របមាត់ពេលក្អក ឬកណ្តាស់។	आपले हात साबणाने आणि पाण्याने वारंवार धुणे यासह, आपली डोळे, नाक आणि तोंड स्पर्श न करणे आणि खोकताना किंवा शिंकताना तोंड झाकून घ्यावे यासह चांगली वैयक्तिक स्वच्छता ठेवा.	ਵਧੀਆ ਤਰੀਕੇ ਨਾਲ ਨਿੱਜੀ ਸਫਾਈ ਬਣਾਈ ਰੱਖੋ, ਜਿਸ ਵਿੱਚ ਆਪਣੇ ਹੱਥ ਅਕਸਰ ਸਾਬਣ ਅਤੇ ਪਾਣੀ ਨਾਲ ਧੋਣਾ ਸ਼ਾਮਲ ਹੈ, ਆਪਣੀਆਂ ਅੱਖਾਂ, ਨੱਕ ਅਤੇ ਮੂੰਹ ਨੂੰ ਛੂਹਣ ਤੋਂ ਬਚੋ, ਅਤੇ ਖੰਘ ਜਾਂ ਛਿੱਕ ਆਉਣ ਵੇਲੇ ਆਪਣੇ ਮੂੰਹ ਨੂੰ ਕਵਰ ਕਰੋ.	သင့်လက်ကို ဆပ်ပြာနှင့် ရေတို့ဖြင့် မကြာခဏ ဆေးကြောခြင်း၊ သင့်မျက်လုံးများ၊ နှာခေါင်းနှင့် ပါးစပ်ကို ထိကိုင်ခြင်းအပြင် ချောင်းဆိုး သို့မဟုတ် နှာချေချိန်တွင် သင့်ပါးစပ်ကို အုပ်ထားခြင်း အပါအဝင် ကောင်းမွန်သော တစ်ကိုယ်ရေ သန့်ရှင်းရေးအလေ့အထကို ကျင့်သုံးပါ။	නිතරම සබන් හා වතුරෙන් අත් සේදීම, ඔබේ ඇස්, නාසය සහ මුඛය ස්පර්ශ කිරීමෙන් වැළකීම, කැස්ස හෝ කිවිසුම් යන විට ඔබේ මුඛය ආවරණය කිරීම ඇතුළුව හොඳ සනීපාරක්ෂාව පවත්වා ගන්න.	మీ చేతులను సబ్బు మరియు నీటితో తరచుగా శుభ్రం చేసుకోవడం, మీ కళ్లు, ముక్కు మరియు నోటిని తాకుండా ఉండటం, మరియు దగ్గినప్పుడు లేదా తుమ్మినప్పుడు మీ నోటికి అడ్డుపెట్టుకోవడంతో సహా మంచి వ్యక్తిగత పరిశుభ్రతను పాటించండి.	તમારા હાથને વારંવાર સાબુ અને પાણીથી ધોવાનું, તમારી આંખો, નાક અને મોં ને સ્પર્શ કરવાનું ટાળવાનું અને ઉધરસ અથવા છીંક આવે ત્યારે તમારા મોં ને ઢાંકવા સહિત સારી વ્યક્તિગત સ્વચ્છતા જાળવવી.
Don’t share any food, crockery, utensils and other personal hygiene items.	কোনও খাবার, বাসনপত্র এবং অন্যান্য ব্যক্তিগত ব্যবহারের জিনিস অন্যের সাথে ভাগ করবেন না।	உணவு,பாத்திரங்கள் மற்றும் பிற தனிப்பட்ட சுகாதாரப் பொருட்களைப் பகிர வேண்டாம்.	ഭക്ഷണം, ക്രോക്കറി, പാത്രങ്ങൾ, മറ്റ് വ്യക്തിഗത ശുചിത്വ ഇനങ്ങൾ എന്നിവ പങ്കിടരുത്.	សូមកុំចែករំលែកអាហារឧបករណ៍ធ្វើម្ហូប ឧបករណ៍ប្រើប្រាស់ និងរបស់របរផ្ទាល់ខ្លួនដែលមានអនាម័យផ្ទាល់ខ្លួន។	कोणतेही अन्न, क्रोकरी, भांडी आणि इतर वैयक्तिक स्वच्छता गोष्टी सामायिक करू नका.	ਖਾਣਾ, ਕਰੌਕਰੀ, ਬਰਤਨ ਅਤੇ ਹੋਰ ਨਿੱਜੀ ਸਫਾਈ ਦੀਆਂ ਚੀਜ਼ਾਂ ਨੂੰ ਸਾਂਝਾ ਨਾ ਕਰੋ.	အစားအသောက်၊ ပန်းကန်များ၊ အသုံးအဆောင်များနှင့် အခြားတစ်ကိုယ်ရေ သန့်ရှင်းရေး ပစ္စည်းများကို မျှမသုံးပါနှင့်။	ආහාර, පිඟන් කෝප්ප, උපකරණ සහ වෙනත් පෞද්ගලික සනීපාරක්ෂක භාණ්ඩ කිසිවක් බෙදා නොගන්න.	ఆహారం, క్రాకరీ, పాత్రలు మరియు ఇతర వ్యక్తిగత పరిశుభ్రత వస్తువులను పంచుకోవద్దు.	કોઈપણ ખાદ્ય પદાર્થ, ક્રોકરી, વાસણો અને અન્ય વ્યક્તિગત આરોગ્યપ્રદ વસ્તુઓ શેર કરશો નહીં.
Continue to take the medications prescribed for you (if any).	আপনার জন্য নির্ধারিত ওষুধগুলি (যদি থাকে তবে) খাওয়া চালিয়ে যান।	உங்களுக்காக பரிந்துரைக்கப்பட்ட மருந்துகள் ஏதேனும் இருந்தால், தொடர்ந்து உட்கொள்ளுங்கள்.	നിങ്ങൾക്കായി നിർദ്ദേശിച്ചിട്ടുള്ള മരുന്നുകൾ കഴിക്കുന്നത് തുടരുക (എന്തെങ്കിലും ഉണ്ടെങ്കിൽ).	សូមបន្តប្រើថ្នាំដែលបានកំណត់សម្រាប់អ្នក (បើមាន) ។	आपल्यासाठी लिहून दिलेली औषधे (जर काही असेतील तर) घेणे सुरू ठेवा.	ਤੁਹਾਡੇ ਵਾਸਤੇ ਤਜਵੀਜ਼ ਕੀਤੀਆਂ ਦਵਾਈਆਂ ਨੂੰ ਲੈਣਾ ਜਾਰੀ ਰੱਖੋ (ਜੇ ਕੋਈ ਹੈ).	သင့်အတွက် ညွှန်းထားသည့် ဆေးဝါးများ (ရှိပါက) ကို ဆက်တိုက် သောက်သုံးပါ။	ඔබ සඳහා නියම කර ඇති ඖෂධ දිගටම ගන්න (ඇත්නම්).	మీకు సూచించిన మందులను తీసుకోవడం కొనసాగించండి (ఏవైనా ఉంటే).	તમારા માટે સૂચવેલ દવાઓ (જો કોઈ હોય તો) લેવાનું ચાલુ રાખો.
Drink sufficient fluids.	যথেষ্ট পরিমাণে পানি পান করবেন।	​போதுமான தண்ணீர் குடிக்கவும்	ആവശ്യത്തിന് ദ്രാവകങ്ങൾ കുടിക്കുക.	សូមផឹកទឹកឱ្យបានគ្រប់គ្រាន់។	पुरेसे द्रव पदार्थ प्या.	ਕਾਫ਼ੀ ਤਰਲ ਪਦਾਰਥ ਪੀਓ.	အရည်လောက်လောက် သောက်ပါ။	ප්‍රමාණවත් තරල බොන්න.	తగినమొత్తంలో ద్రవాలు తాకండి.	પૂરતા પ્રમાણમાં પ્રવાહી પીવો.
Continue to monitor your temperature and symptoms at home.	বাড়িতে আপনার শরীরের তাপমাত্রা এবং রোগের লক্ষণগুলির প্রতি খেয়াল করবেন।	வீட்டிலேயே உங்கள் வெப்பநிலை மற்றும் அறிகுறிகளை தொடர்ந்து கண்காணிக்கவும்.	വീട്ടിൽ നിങ്ങളുടെ താപനിലയും ലക്ഷണങ്ങളും നിരീക്ഷിക്കുന്നത് തുടരുക.	សូមបន្តតាមដានសីតុណ្ហភាព និងរោគសញ្ញារបស់អ្នកនៅផ្ទះ។	आपले तापमान आणि लक्षणे यांच्यावर घरी नजर ठेवणे सुरू ठेवा.	ਘਰ ਵਿਚ ਆਪਣੇ ਤਾਪਮਾਨ ਅਤੇ ਲੱਛਣਾਂ ਦੀ ਨਿਗਰਾਨੀ ਕਰਨਾ ਜਾਰੀ ਰੱਖੋ.	အိမ်တွင် သင့်ကိုယ်အပူချိန်နှင့် ရောဂါလက္ခဏာများကို ဆက်တိုက် စောင့်ကြည့်ပါ။	නිවසේදී ඔබේ උෂ්ණත්වය සහ රෝග ලක්ෂණ නිරීක්ෂණය කිරීම දිගටම කරගෙන යන්න.	మీ ఉష్ణోగ్రత మరియు రోగలక్షణాలను ఇంటి వద్ద పర్యవేక్షించడం కొనసాగించండి.	ઘરે તમારા તાપમાન અને લક્ષણોનું નિરીક્ષણ કરવાનું ચાલુ રાખો.
If Your Symptoms Worsen	যদি আপনি অনুভব করেন যে রোগের লক্ষণ আরো খারাপ হচ্ছে 	உங்கள் அறிகுறிகள் மோசமடைந்தால்	നിങ്ങളുടെ ലക്ഷണങ്ങൾ   ക്രമാതീതമായി കൂടുകയാണെങ്കിൽ	ប្រសិនបើរោគសញ្ញារបស់អ្នកកាន់តែអាក្រក់ទៅ ៗ	जर तुमची लक्षणे खराब झाली तर	ਜੇ ਤੁਹਾਡੇ ਲੱਛਣ ਵਿਗੜ ਜਾਂਦੇ ਹਨ	သင့်ရောဂါလက္ခဏာများ ပိုဆိုးလာပါက	ඔබේ රෝග ලක්ෂණ නරක අතට හැරේ නම්	ఒకవేళ రోగలక్షణాలు క్షీణిస్తే	જો તમારા લક્ષણો વધારે ખરાબ થાય છે
If your cough is worsening and you develop breathlessness, or your fever is persistently above 38 degrees Celsius	যদি আপনার ঘন ঘন কাশি, শ্বাসকষ্ট, বা শরীরের তাপমাত্রা 38 ডিগ্রি সেলসিয়াসের বেশি থাকে	உங்கள் இருமல் மோசமடைந்து உங்களுக்கு மூச்சுத் திணறல் ஏற்பட்டால், அல்லது உங்கள் காய்ச்சல் 38 டிகிரி செல்சியஸுக்கு மேல் தொடர்ந்து இருந்தால்.	നിങ്ങളുടെ ചുമ  ക്രമാതീതമായി കൂടുകയാണെങ്കിൽ  അല്ലെങ്കിൽ ശ്വാസതടസം അനുഭവപ്പെടുന്നുണ്ടെങ്കിൽ  , അല്ലെങ്കിൽ നിങ്ങളുടെ എപ്പോഴും  പനി 38 ഡിഗ്രി സെൽഷ്യസിനു  മുകളിലാണെങ്കിൽ	ប្រសិនបើការក្អករបស់អ្នកកាន់តែយ៉ាប់យ៉ឺន ហើយអ្នកវិវត្តទៅជាដង្ហើម ឬគ្រុនរបស់អ្នកក្តៅខ្លាំងលើសពី 38 អង្សាសេ	जर आपला खोकला आणखी वाढत असेल आणि आपल्याला श्वासोच्छवासास त्रास होत असेल किंवा आपला ताप निरंतर 38 डिग्री सेल्सिअसपेक्षा जास्त असेल तर	ਜੇ ਤੁਹਾਡੀ ਖਾਂਸੀ ਵਧ ਰਹੀ ਹੈ ਅਤੇ ਤੁਹਾਨੂੰ ਸਾਹ ਚੜ੍ਹਦਾ ਹੈ, ਜਾਂ ਤੁਹਾਡਾ ਬੁਖਾਰ ਲਗਾਤਾਰ 38 ਡਿਗਰੀ ਸੈਲਸੀਅਸ ਤੋਂ ਉੱਪਰ ਹੈ	သင်ချောင်းပိုဆိုးလာပြီး အသက်ရှူရခက်လာပါက သို့မဟုတ် သင့်ကိုယ်အပူချိန်မှာ 38 ဒီဂရီဆဲလ်စီယပ်အောက် မလျော့ပါက	ඔබේ කැස්ස නරක අතට හැරෙන අතර ඔබට හුස්ම ගැනීමේ අපහසුතාවයක් ඇති වේ නම් හෝ ඔබේ උණ දිගටම සෙල්සියස් අංශක 38 ට වඩා ඉහළින් පවතී නම්	మీ దగ్గు తీవ్రం కావడం మరియు శ్వాసతీసుకోవడం కష్టంగా ఉండటం అభివృద్ధి చెందడం, లేదా మీ జ్వరం విడవకుండా 38 డిగ్రీల సెల్షియస్ ఉంటే	જો તમારી ઉધરસ વધારે ખરાબ થતી જાય છે અને જો તમને હાંફ ચઢતી હોય, અથવા તમારો તાવ સતત 38 ડિગ્રી સેલ્સિયસથી ઉપર હોય
Wear a surgical mask to our Emergency Department.	জরুরি বিভাগে একটি সার্জিক্যাল মাস্ক পরে আসুন।	எங்கள் அவசர சிகிச்சைப் பிரிவுக்கு ​​முக கவசத்தை அணிந்து கொண்டு வாருங்கள்.	ഞങ്ങളുടെ അത്യാഹിത വിഭാഗത്തിൽ വരുമ്പോൾ  ഒരു ശസ്ത്രക്രിയ മാസ്ക് ധരിക്കുക.	សូមពាក់របាំងវះកាត់ដល់ផ្នែកសង្គ្រោះបន្ទាន់របស់យើង។	आमच्या आणीबाणी विभागात सर्जिकल मास्क घाला.	ਤਾਂ ਸਾਡੇ ਸੰਕਟਕਾਲੀਨ ਵਿਭਾਗ ਵਿੱਚ ਜਾਂਦੇ ਸਮੇਂ ਇੱਕ ਸਰਜੀਕਲ ਮਾਸਕ ਪਹਿਨੋ।	ကျွန်ုပ်တို့၏ အရေးပေါ်ဌာနသို့ ခွဲစိတ်ခန်းသုံးနှာခေါင်းစည်း ဝတ်လာပါ။	අපගේ හදිසි ප්‍රතිකාර අංශයේදී ශල්‍ය මුකවාඩමක් පළඳින්න.	మా ఎమర్జెన్సీ డిపార్ట్‌మెంట్‌కు సర్జికల్ మాస్క్ ధరించి రండి.	અમારા ઇમરજન્સી વિભાગમાં એક સર્જિકલ માસ્ક પહેરો.
Do not take public transport. 	পাবলিক ট্রান্সপোর্ট (গণপরিবহন) ব্যবহার করবেন না।	பொது போக்குவரத்தை எடுக்க வேண்டாம்.	പൊതുഗതാഗതം ഉപയോഗിക്കരുത്	សូមកុំប្រើមធ្យោបាយធ្វើដំណើរសាធារណៈ។	सार्वजनिक वाहतूकीतून प्रवास करू नका.	ਸਰਵਜਨਕ ਟ੍ਰਾਂਸਪੋਰਟ ਦੀ ਵਰਤੋਂ ਨਾ ਕਰੋ.	အများသုံးသွားလာရေးယာဉ်များကို မသုံးပါနှင့်။	පොදු ප්‍රවාහනය භාවිතා නොකරන්න.	ప్రజా రవాణా తీసుకోవద్దు.	જાહેર પરિવહનનો ઉપયોગ ન કરો.
Take your own private transport or a taxi / private hire vehicle, with windows wound down.	আপনার নিজের ব্যক্তিগত গাড়ি বা ট্যাক্সি/ব্যক্তিগত ভাড়ার গাড়িটি নিন এবং জানলা খোলা রাখুন।	உங்கள் சொந்த தனியார் போக்குவரத்து வாகனம் அல்லது ஒரு டாக்ஸி / தனியார் வாடகையுந்து வண்டியை பயன்படுத்துங்கள். வாகன ஜன்னல்களை திறந்து வையுங்கள்.	നിങ്ങളുടെ സ്വന്തം സ്വകാര്യ ഗതാഗതം അല്ലെങ്കിൽ ടാക്സി / സ്വകാര്യ വാടക വാഹനം ഉപയോഗിക്കുക ,വിൻഡോസ് എല്ലാം താഴ്ത്തി വെയ്ക്കുക	សូមប្រើមធ្យោបាយធ្វើដំណើរឯកជនផ្ទាល់ខ្លួនរបស់អ្នក ឬឡានឈ្នួល តាក់ស៊ី / ជួលឯកជនដោយបង្អួចត្រូវបានបើក។	स्वतःची खासगी वाहतूक किंवा टॅक्सी / खाजगी भाड्याने वाहन घ्या, त्यामध्ये खिडक्या उघड्या ठेवा.	ਆਪਣੀ ਨਿੱਜੀ ਟ੍ਰਾਂਸਪੋਰਟ ਜਾਂ ਟੈਕਸੀ / ਨਿੱਜੀ ਕਿਰਾਏ ਦੇ ਵਾਹਨ ਦੀ ਵਰਤੋਂ ਕਰੋ, ਜਿਨ੍ਹਾਂ ਦੀਆਂ ਖਿੜਕੀਆਂ ਬੰਦ ਹੋਣ.	သင့်ကိုယ်ပိုင်ယာဉ် သို့မဟုတ် တက္ကစီ / တစ်ဦးချင်းငှားသည့် ယာဉ်ကို စီးပြီး ပြတင်းမှန်များ ချထားပါ။	කවුළු වසන ලද ඔබේම පෞද්ගලික ප්‍රවාහන හෝ කුලී රථ/පෞද්ගලික කුලී වාහනයක් ගන්න.	మీ స్వంత ప్రైవేట్ రవాణా లేదా టాక్సీ / ప్రైవేట్ కిరాయి వాహనాన్ని తీసుకోండి.	તમારા પોતાના ખાનગી વપરાશ માટેનું પરિવહન અથવા ટેક્સી લો / ખાનગી વપરાશ માટે ભાડેથી વાહન લો, જેમાં બારી ખોલી શકાય.
In an emergency situation, call 995 for an ambulance. 	জরুরি পরিস্থিতিতে অ্যাম্বুলেন্সের জন্য 995 কল করুন।	அவசரகால சூழ்நிலையில், ஆம்புலன்சிற்கு 995 ஐ அழைக்கவும்.	അടിയന്തിര സാഹചര്യങ്ങളിൽ, ആംബുലൻസിനായി 995 എന്ന നമ്പറിൽ വിളിക്കുക.	ក្នុងស្ថានភាពអាសន្ន សូមទូរស័ព្ទទៅលេខ995 សម្រាប់រថយន្តសង្គ្រោះបន្ទាន់។	आपत्कालीन परिस्थितीत, रुग्णवाहिकेसाठी 995 वर कॉल करा.	ਐਮਰਜੈਂਸੀ ਸਥਿਤੀ ਵਿੱਚ, ਐਂਬੂਲੈਂਸ ਲਈ 995 ਤੇ ਕਾਲ ਕਰੋ.	အရေးပေါ် အခြေအနေများတွင်၊ လူနာတင်ယာဉ်အတွက် 995 ကို ဖုန်းခေါ်ပါ။	හදිසි අවස්ථාවක ගිලන් රථයක් සඳහා 995 අමතන්න.	అత్యవసర పరిస్థితుల్లో, అంబులెన్స్ కోసం 995 కు కాల్ చేయండి.	કટોકટીની સ્થિતિમાં, એમ્બ્યુલન્સ માટે 995 પર કૉલ કરો.
Inform the ambulance operator that you were recently screened for COVID19 and your travel history.	অ্যাম্বুলেন্স অপারেটরকে জানান যে আপনাকে কয়েক দিন আগে COVID-19 (কোভিঢ-১৯) এর জন্য পরীক্ষা করা হয়ছে এবং আপনার ভ্রমণ বিবরণ।	ஆம்புலன்ஸ் ஆபரேட்டரிடம் நீங்கள் சமீபத்தில் COVID-19 மற்றும் உங்கள் பயண வரலாற்றிற்காக திரையிடப்பட்ட விவரத்தை தெரிவிக்கவும்.	ആംബുലൻസ് ഓപ്പറേറ്ററെ,  നിങ്ങളുടെ യാത്രാചരിത്രവും COVID19 ന്  അടുത്ത ഇടയ്ക്കു സ്ക്രീൻ  ചെയ്ത വിവരവും  അറിയിക്കുക.	សូមជូនដំណឹងដល់ប្រតិបត្តិកររថយន្តសង្គ្រោះបន្ទាន់ដែលអ្នកត្រូវបានពិនិត្យរកមើល COVID19 និងប្រវត្តិធ្វើដំណើររបស់អ្នក។	आपली अलीकडेच कोव्हीड 19 साठी चाचणी करण्यात आली असल्याबद्दल आणि आपल्या प्रवासाच्या इतिहासाबद्दल रुग्णवाहिका ऑपरेटरला सांगा.	ਐਂਬੂਲੈਂਸ ਆਪਰੇਟਰ ਨੂੰ ਸੂਚਿਤ ਕਰੋ ਕਿ ਤੁਹਾਡੀ ਹਾਲ ਹੀ ਵਿੱਚ COVID-19 ਵਾਸਤੇ ਜਾਂਚ ਕੀਤੀ ਗਈ ਸੀ ਅਤੇ ਤੁਹਾਡੇ ਯਾਤਰਾ ਦੇ ਇਤਿਹਾਸ ਬਾਰੇ ਦੱਸੋ.	သင်က လတ်တလောတွင် COVID19 စစ်ထားကြောင်းနှင့် သင်၏ ခရီးသွားမှတ်တမ်းကို လူနာတင်ယာဉ်မောင်းအား အသိပေးပါ။	COVID19 සහ ඔබගේ සංචාරක ඉතිහාසය සඳහා ඔබ මෑතකදී පරීක්ෂාවට ලක් කළ ගිලන්රථ ක්‍රියාකරුට දන්වන්න.	మీరు ఇటీవల COVID19 కొరకు స్క్రీనింగ్ చేయబడినట్లుగాను మరియు మీ ప్రయాణ చరిత్రను అంబులెన్స్ ఆపరేటర్‌కు తెలియజేయండి.	એમ્બ્યુલન્સ ચાલકને જાણ કરો કે COVID19 અને તમારા મુસાફરીના ઇતિહાસ માટે તાજેતરમાં તમારી તપાસ કરવામાં આવી છે.