English	Bengali	Vietnamese	Tamil	Fillipino	Hindi
1. What is COVID-19?	১. কোভিড -১৯ কী?	COVID-19 là gì?	COVID-19 என்றால் என்ன?	Ano ang COVID-19?	COVID-19 क्या है?
COVID-19 (more specifically, a coronavirus) is the disease identified as the cause of an outbreak of respiratory illness first detected in Wuhan, China	কোভিড -১৯ (আরও বিস্তারিতটভাবে বলা যায়, করোনাভাইরাস) এমন একটি রোগ যার শুরু চিনের ওউহানে শহর থেকে়। এটা একটা শ্বাসকষ্টজনিত রোগ।	COVID-19 (cụ thể hơn là coronavirus) là một căn bệnh bắt đầu từ thành phố Vũ Hán ở Trung Quốc, đây là một bệnh về đường hô hấp.	COVID-19 (இன்னும் குறிப்பாக, ஒரு கொரோனா வைரஸ்) என்பது சீனாவின் வுஹான் நகரத்திலிருந்து தொடங்கிய ஒரு நோய், இது ஒரு சுவாச நோய்.	Ang COVID-19 (mas partikular, isang coronavirus) ay isang sakit na nagsimula mula sa Wuhan City sa China, ito ay isang sakit sa paghinga.	COVID-19 (विशेष रूप से, एक कोरोनावायरस) एक बीमारी है जो चीन के वुहान शहर से शुरू हुई, यह एक श्वसन बीमारी है।
2. What are the symptoms of COVID-19?	২. কোভিড -১৯ এর লক্ষণগুলি কী কী?	Các triệu chứng của COVID-19 là gì?	COVID-19 இன் அறிகுறிகள் யாவை?	Ano ang mga sintomas ng COVID-19?	COVID-19 के लक्षण क्या हैं?
The most common symptoms are fever, tiredness and dry cough. Some patients also have runny nose, sore throat or diarrhoea. These symptoms are usually mild and begin gradually.	সর্বাধিক সাধারণ লক্ষণগুলি হল জ্বর, ক্লান্তি এবং শুকনো কাশি। কিছু কিছু রোগীর সর্দি, গলা ব্যথা বা ডায়রিয়াও হতে পারে। এই লক্ষণগুলি সাধারণত হালকা হয় এবং আস্তে আস্তে শুরু হয়। কারো কারো শরীরে এই লক্ষণগুলি দেখাও যায়না।	Các triệu chứng phổ biến nhất là sốt, mệt mỏi và ho khan. Một số bệnh nhân cũng bị sổ mũi, đau họng hoặc tiêu chảy. Những triệu chứng này thường nhẹ. 	காய்ச்சல், சோர்வு மற்றும் வறட்டு இருமல் ஆகியவை மிகவும் பொதுவான அறிகுறிகளாகும். சில நோயாளிகளுக்கு மூக்கு ஒழுகுதல், தொண்டை புண் அல்லது வயிற்றுப்போக்கு உள்ளது. இந்த அறிகுறிகள் பொதுவாக லேசானவை.	Ang pinakakaraniwang sintomas ay lagnat, pagkapagod at tuyong ubo. Ang ilang mga pasyente ay mayroon ding tumatakbo ilong, namamagang lalamunan o pagtatae. Ang mga sintomas na ito ay karaniwang banayad. 	सबसे आम लक्षण बुखार, थकान और सूखी खांसी हैं। कुछ रोगियों में नाक बहना, गले में खराश या दस्त भी होता है। ये लक्षण आमतौर पर हल्के होते हैं।
Some people become infected but remain asymptomatic.	তবে এই রোগের ফলে ফুসফুসের সংক্রমণ বা নিউমোনিয়াও হতে পারে।	Một số người bị nhiễm bệnh nhưng không có bất kỳ triệu chứng nào. 	சிலர் தொற்றுநோயாக மாறுகிறார்கள், ஆனால் எந்த அறிகுறிகளும் இல்லை.	Ang ilang mga tao ay nahawahan ngunit walang mga sintomas. 	कुछ लोग संक्रमित हो जाते हैं लेकिन उनमें कोई लक्षण नहीं होते हैं।
It can however, also cause lung infection, or pneumonia.	৩. কোভিড -১৯ কীভাবে ছড়ায়?	Tuy nhiên, nó cũng có thể được gây ra bởi nhiễm trùng phổi hoặc viêm phổi.	இருப்பினும், இது நுரையீரல் தொற்று அல்லது நிமோனியாவால் கூட ஏற்படலாம்.	Gayunpaman, maaari rin itong sanhi ng impeksyon sa baga o pneumonia.	हालाँकि, यह फेफड़ों में संक्रमण या निमोनिया के कारण भी हो सकता है।
3. How does COVID-19 spread?	একজন আক্রান্ত মানুষের থেকে অন্যজন  সংক্রামিত হতে পারে। ভাইরাসটি হঁাচি   এবং কাশির মাধ্যমে ছড়িয়ে পড়ে। বা মুখের লালা, ব্যবহার করা	COVID-19 lây lan như thế nào?	COVID-19 எவ்வாறு பரவுகிறது?	Paano kumalat ang COVID-19?	COVID-19 कैसे फैलता है?
People can catch COVID-19 from others who have the virus. The virus spreads via respiratory droplets (sharing saliva, utensils, being in close contact or through direct contact with droplets on surfaces and materials).	থালাবাসন, চামুচ ইত্যাদির মাধ্যমেও ছড়াতে পারে।	Mọi người có thể bị nhiễm bởi những người khác đã bị nhiễm COVID-19. Virus lây lan qua ho và hắt hơi. Virus cũng có thể lây lan qua nước bọt từ miệng, đĩa, thìa và dĩa đã sử dụng.	ஏற்கனவே COVID-19 நோயால் பாதிக்கப்பட்ட பிற நபர்களால் மக்கள் பாதிக்கப்படலாம். வைரஸ் இருமல் மற்றும் தும்மினால் பரவுகிறது. இந்த வைரஸ் வாயிலிருந்து உமிழ்நீர், பயன்படுத்தப்பட்ட தட்டுகள், கரண்டி மற்றும் முட்கரண்டி ஆகியவற்றால் பரவலாம்.	Ang mga tao ay maaaring mahawahan ng ibang mga tao na nahawahan na ng COVID-19. Ang virus ay kumakalat sa pamamagitan ng ubo at pagbahing. Ang virus ay maaari ring kumalat gamit ang laway mula sa bibig, ginamit na mga plato, kutsara, at tinidor.	लोग COVID-19 से पहले से संक्रमित अन्य व्यक्तियों द्वारा संक्रमित हो सकते हैं। वायरस खांसी और छींकने से फैलता है। वायरस मुंह से लार, प्लेट्स, चम्मच और कांटे से भी फैल सकता है।
4. What is the test for COVID-19 like?	৪. কোভিড -১৯ কিভাবে পরীক্ষা করা হয়?	Bài kiểm tra COVID-19 là gì?	COVID-19 க்கான சோதனை என்ன?	Ano ang pagsubok para sa COVID-19?	COVID-19 के लिए परीक्षण क्या है?
It is a swab test inserted in your nostril or at the back of your throat. It will last about 10 seconds. There might be a slight discomfort, however it is not significantly painful.	এটি আপনার নাকের বা আপনার গলার ভিতর থেকে সোয়াব পরীক্ষা করা হয় । এটি করতে ১০ সেকেন্ড সময় লাগে। এটা করার সময় কিছুটা অস্বস্তি লাগতে পারে, তবে তেমন ভয়ের কিছু না।	Đây là một thử nghiệm gạc. Một miếng gạc sẽ được đưa vào lỗ mũi hoặc phía sau cổ họng của bạn. Nó sẽ kéo dài khoảng 10 giây. Có thể có một chút khó chịu, tuy nhiên, nó không quá đau.	இது ஒரு துணியால் துடைக்கும் சோதனை. உங்கள் நாசியில் அல்லது உங்கள் தொண்டையின் பின்புறத்தில் ஒரு துணியால் செருகப்படும். இது சுமார் 10 வினாடிகள் நீடிக்கும். ஒரு சிறிய அச om கரியம் இருக்கலாம், இருப்பினும், இது மிகவும் வேதனையாக இல்லை.	Ito ay isang swab test. Ang isang pamunas ay ipapasok sa iyong butas ng ilong o sa likod ng iyong lalamunan. Ito ay tatagal ng mga 10 segundo. Maaaring mayroong isang bahagyang kakulangan sa ginhawa, gayunpaman, hindi ito masyadong masakit.	यह एक स्वैब परीक्षण है। आपके नाक के छिद्रों में या आपके गले के पीछे एक स्वाब डाला जाएगा। यह लगभग 10 सेकंड तक चलेगा। थोड़ी सी असुविधा हो सकती है, हालांकि, यह बहुत दर्दनाक नहीं है।
5. What happens if I am tested positive for COVID-19?	৫. যদি আমার কভিড -১৯ হয়, এরপরে কি করা হয়?	Nếu tôi có COVID-19 thì sao?	என்னிடம் COVID-19 இருந்தால் என்ன செய்வது?	Paano kung mayroon akong COVID-19?	यदि मेरे पास COVID-19 है तो क्या होगा?
Arrangements will be made for you to be warded or sent to a community isolation facility, to be placed under observation. You will be observed for deterioration. You might require X-Rays and blood tests as well. Repeated testing of your respiratory samples (via nose or throat) will be done on a regular basis, usually 24 hours apart. If you test negative twice consecutively, you can be discharged back to your home/dorm to continue 2 weeks of isolation at home.	আপনাকে অন্য সবার থেকে আলাদা করে রাখার ব্যবস্হা করা হবে বা হাসপাতালে পাঠানো হবে। তারা খেয়াল রাখবে আপনার অবস্হা উন্নতি না অবনতির দিকে যাচ্ছে। আপনার এক্স-রে এবং রক্ত ​​পরীক্ষাও প্রয়োজন হতে পারে। সাধারণত ২৪ ঘন্টা পরপর আপনার   সোয়াব পরীক্ষা করা হবে। আপনার পরীক্ষা করার পরে যদি পর পর দুবার নেগেটিভ আসে, তবে বাড়িতে ফেরত গিয়ে সবার থেকে ২ সপ্তাহ আলাদা থাকতে হবে।	Chính quyền sẽ sắp xếp cuộc sống riêng cho bạn hoặc đưa bạn đến bệnh viện. Họ sẽ theo dõi sức khỏe của bạn, cho dù nó đang được cải thiện hay không. X-quang hoặc xét nghiệm máu cũng có thể cần thiết. Thông thường, họ sẽ kiểm tra tăm bông của bạn cứ sau 24 giờ. Nếu bài kiểm tra của bạn âm tính hai lần liên tiếp, bạn sẽ được thả ra. Nhưng sau khi về nhà, bạn phải ở riêng với mọi người trong 2 tuần.	அதிகாரம் உங்களுக்காக தனி வாழ்க்கை ஏற்பாடுகளை செய்யும் அல்லது உங்களை ஒரு மருத்துவமனையில் அனுமதிக்கும். அவை உங்கள் ஆரோக்கியத்தை மேம்படுத்துகின்றனவா இல்லையா என்பதை கண்காணிக்கும். எக்ஸ்ரே அல்லது இரத்த பரிசோதனையும் தேவைப்படலாம். வழக்கமாக, அவர்கள் ஒவ்வொரு 24 மணி நேரத்திற்கும் ஒரு முறை உங்கள் துணியை சோதிப்பார்கள். உங்கள் சோதனை தொடர்ச்சியாக இரண்டு முறை எதிர்மறையாக இருந்தால், நீங்கள் விடுவிக்கப்படுவீர்கள். ஆனால் வீட்டிற்குச் சென்ற பிறகு, நீங்கள் எல்லோரிடமிருந்தும் 2 வாரங்கள் தனித்தனியாக இருக்க வேண்டும்.	Ang awtoridad ay gagawa ng magkahiwalay na pag-aayos ng pamumuhay para sa iyo o aminin ka sa isang ospital. Masusubaybayan nila ang iyong kalusugan, mapabuti man o hindi. Ang X-ray o pagsusuri ng dugo ay maaaring kailanganin. Karaniwan, susubukan nila ang iyong pamalo tuwing 24 na oras. Kung negatibo ang iyong pagsubok nang dalawang beses sa isang hilera, ilalabas ka. Ngunit pagkatapos ng pag-uwi, kailangan mong manatiling hiwalay sa lahat sa loob ng 2 linggo.	प्राधिकरण आपके लिए अलग रहने की व्यवस्था करेगा या आपको अस्पताल में भर्ती करेगा। वे आपके स्वास्थ्य की निगरानी करेंगे, कि इसमें सुधार हो रहा है या नहीं। एक्स-रे या रक्त परीक्षण की भी आवश्यकता हो सकती है। आमतौर पर, वे हर 24 घंटे में आपके स्वाब का परीक्षण करेंगे। यदि आपका परीक्षण लगातार दो बार नकारात्मक है, तो आपको छोड़ दिया जाएगा। लेकिन घर जाने के बाद, आपको 2 सप्ताह के लिए सभी से अलग रहना होगा।
6. Will I die from COVID-19?	৬. আমার কি কোভিড -১৯ হলেই আমি মারা যাব?	Tôi sẽ chết nếu tôi có COVID-19?	எனக்கு COVID-19 இருந்தால் நான் இறந்துவிடுவேனா?	Mamamatay ba ako kung mayroon akong COVID-19?	अगर मेरे पास COVID-19 है तो क्या मैं मर जाऊंगा?
It is normal to worry about how COVID-19 might affect you or your loved ones. In 80% of cases, infections from COVID-19 are usually mild and do not even need any treatment. There is a chance of deterioration due to the virus, which happens more commonly in the elderly population or in those with significant pre-existing medical conditions. Only 5% of patients will require ICU care including breathing support or medications to support their blood pressure.	কোভিড -১৯ কীভাবে আপনাকে বা আপনার প্রিয়জনকে প্রভাবিত করতে পারে তা নিয়ে চিন্তিত হওয়া স্বাভাবিক। ৮0% ক্ষেত্রে, কোভিড -১৯ থেকে সংক্রমণ সাধারণত হালকা হয় এবং এমনকি কোনও চিকিত্সার প্রয়োজন হয় না। ভাইরাসজনিত কারণে ক্ষয় হওয়ার সম্ভাবনা রয়েছে যারা বয়স্ক অথবা যাদের অন্যান্য শারীরিক সম্যস্যা আছে। শুধুমাত্র ৫% রোগীদের  আই সি উ এর প্রয়োজন হয় শ্বাস প্রশ্বাসের কষ্ট কমানোর আর রক্তচাপ নিয়ন্ত্রণ করার জন্য।	COVID-19 có thể khiến bạn và gia đình lo lắng. Tuy nhiên, 80% thời gian, nhiễm trùng COVID-19 là nhẹ. Họ thậm chí không cần điều trị. Có một chút rủi ro thiệt hại cho những người già hoặc có vấn đề sức khỏe khác. Chỉ 5% bệnh nhân cần ICU để giúp họ thở.	COVID-19 உங்களையும் உங்கள் குடும்பத்தினரையும் கவலையடையச் செய்யலாம். இருப்பினும், 80% நேரம், COVID-19 நோய்த்தொற்றுகள் லேசானவை. அவர்களுக்கு எந்த சிகிச்சையும் கூட தேவையில்லை. வயதானவர்கள் அல்லது பிற உடல்நலப் பிரச்சினைகள் உள்ளவர்களுக்கு சேதம் ஏற்படும் அபாயம் உள்ளது. 5% நோயாளிகளுக்கு மட்டுமே சுவாசிக்க உதவுவதற்காக ஐ.சி.யூ தேவைப்படுகிறது.	Maaaring pag-alala ka ng COVID-19 at ng iyong pamilya. Gayunpaman, 80% ng oras, ang mga impeksyon sa COVID-19 ay banayad. Hindi man nila kailangan ng anumang paggamot. May kaunting panganib na mapinsala sa mga may edad o may iba pang mga problema sa kalusugan. 5% lamang ng mga pasyente ang nangangailangan ng ICU para matulungan silang makahinga.	COVID-19 आपको और आपके परिवार को चिंतित कर सकता है। हालांकि, 80% समय, COVID-19 संक्रमण हल्के होते हैं। उन्हें किसी भी उपचार की आवश्यकता नहीं है। जो लोग बूढ़े हैं या स्वास्थ्य संबंधी अन्य समस्याएं हैं, उनके नुकसान का थोड़ा जोखिम है। सांस लेने में मदद के लिए केवल 5% रोगियों को आईसीयू की आवश्यकता होती है।
7. Is there a treatment for COVID-19?	৭. কোভিড -১৯ এর চিকিত্সা আছে?	Có cách điều trị COVID-19 không?	COVID-19 க்கு சிகிச்சை உள்ளதா?	Mayroon bang paggamot para sa COVID-19?	क्या COVID-19 का कोई इलाज है?
Most cases of COVID-19 infections do not require any treatment, and only require medications to alleviate symptoms. There is currently no established treatment for the 5% of patients with severe disease, however there are many clinical trials ongoing which have shown variable success. Even though there is no established treatment, if you do develop severe disease, you will still receive breathing support and will be given medications to support your blood pressure.	কোভিড -১৯ সংক্রমণের বেশিরভাগ ক্ষেত্রে কোনও চিকিত্সার প্রয়োজন হয় না এবং লক্ষণগুলি হ্রাস করার জন্য কেবল ওষুধের প্রয়োজন হয়। গুরুতরভাবে আক্রান্ত ৫% রোগীর জন্য বর্তমানে কোনও প্রতিষ্ঠিত চিকিত্সা নেই, তবে অনেকগুলি ক্লিনিকাল ট্রায়াল চলছে যা পরিবর্তনশীল সাফল্য দেখিয়েছে। যদিও কোনও প্রতিষ্ঠিত চিকিত্সা নেই, আপনি যদি গুরুতর রোগের বিকাশ করেন তবে আপনি শ্বাস-প্রশ্বাসের সমর্থন পাবেন এবং আপনার রক্তচাপকে নিয়ন্ত্রণ করার জন্য ওষুধ দেওয়া হবে।	Hầu hết bệnh nhân COVID-19 không cần điều trị. Họ chỉ cần thuốc trị ho, sốt và các triệu chứng khác. Tuy nhiên, đối với 5% bệnh nhân bị bệnh nặng, không có phương pháp điều trị nào được chứng minh. Tuy nhiên, chúng tôi rất gần để khám phá điều trị. Đừng sợ. Nếu bạn có vấn đề về hô hấp, chúng tôi sẽ sử dụng máy để giúp bạn thở. Chúng tôi sẽ cung cấp cho bạn thuốc cho huyết áp.	COVID-19 இன் பெரும்பாலான நோயாளிகளுக்கு எந்த சிகிச்சையும் தேவையில்லை. அவர்களுக்கு இருமல், காய்ச்சல் மற்றும் பிற அறிகுறிகளுக்கு மட்டுமே மருந்து தேவை. இருப்பினும், மிகவும் நோய்வாய்ப்பட்ட 5% நோயாளிகளுக்கு, நிரூபிக்கப்பட்ட சிகிச்சைகள் எதுவும் இல்லை. இருப்பினும், சிகிச்சையை கண்டுபிடிப்பதற்கு நாங்கள் மிக அருகில் இருக்கிறோம். பயம் கொள்ளாதே. உங்களுக்கு சுவாசிப்பதில் சிக்கல் இருந்தால், நீங்கள் சுவாசிக்க உதவும் ஒரு இயந்திரத்தைப் பயன்படுத்துவோம். இரத்த அழுத்தத்திற்கு நாங்கள் உங்களுக்கு மருந்து தருவோம்.	Karamihan sa mga pasyente ng COVID-19 ay hindi nangangailangan ng anumang paggamot. Kailangan lang nila ng gamot para sa ubo, lagnat at iba pang mga sintomas. Gayunpaman, para sa 5% ng mga pasyente na may sakit, walang mga napatunayan na paggamot. Gayunpaman, malapit na kami upang matuklasan ang paggamot. Huwag kang matakot. Kung mayroon kang mga problema sa paghinga ay gumagamit kami ng isang makina upang matulungan kang huminga. Bibigyan ka namin ng gamot para sa presyon ng dugo.	OVID-19 के अधिकांश रोगियों को किसी भी उपचार की आवश्यकता नहीं होती है। उन्हें केवल खांसी, बुखार और अन्य लक्षणों के लिए दवा की आवश्यकता होती है। हालांकि, 5% रोगियों के लिए जो बहुत बीमार हैं, कोई सिद्ध उपचार नहीं हैं। हालांकि, हम इलाज की खोज के बहुत करीब हैं। डरो नहीं। यदि आपको सांस लेने में समस्या है तो हम आपको सांस लेने में मदद करने के लिए एक मशीन का उपयोग करेंगे। हम आपको रक्तचाप की दवा देंगे।
8. How much do I have to pay for my treatment?	৮. আমার চিকিত্সার জন্য আমাকে কত টাকা দিতে হবে?	Tôi sẽ phải trả bao nhiêu cho Điều trị?	சிகிச்சைக்கு நான் எவ்வளவு செலுத்த வேண்டும்?	Magkano ang babayaran ko para sa Paggamot?	मुझे उपचार के लिए कितना भुगतान करना होगा?
As of Singapore Government’s announcement on 7 March 2020, if you are a Singapore Citizen, Singapore resident OR a long term pass holder, your hospital bill will be covered by the Government. This does not apply if you have left Singapore after 27 March 2020 and you are admitted as a suspected COVID-19 case within 14 days of returning.	২০২০ সালের মার্চে সিঙ্গাপুর সরকারের ঘোষণা অনুসারে, আপনি যদি সিঙ্গাপুর নাগরিক হন, সিঙ্গাপুরের বাসিন্দা বা দীর্ঘমেয়াদী পাস হোল্ডার, আপনার হাসপাতালের বিল সরকার কতৃপক্ষ বহন করবে। আপনি যদি ২০২০ সালের ২৭ মার্চ পরে সিঙ্গাপুর ছেড়ে চলে যান এবং আপনি ফিরে আসার ১ ৪ দিনের মধ্যে সন্দেহভাজন কোভিড -১৯ রোগী হিসাবে ভর্তি হন তবে এটি প্রযোজ্য নয়।	Theo thông báo của Chính phủ Singapore, nếu bạn là công dân Singapore, hoặc thường trú nhân, hoặc người giữ thẻ dài hạn, chính phủ sẽ thanh toán. Vì vậy, ngay cả khi bạn có giấy phép làm việc, chính phủ sẽ trả tiền. Nhưng, nếu bạn rời khỏi Singapore sau ngày 27 tháng 3 năm 2020 và được nhận trong vòng 14 ngày kể từ ngày trở về, chính phủ sẽ không thanh toán hóa đơn của bạn.	சிங்கப்பூர் அரசாங்கத்தின் அறிவிப்பின்படி, நீங்கள் சிங்கப்பூர் குடிமகனாகவோ அல்லது நிரந்தர வதிவாளராகவோ அல்லது நீண்ட கால பாஸ் வைத்திருப்பவராகவோ இருந்தால், அரசாங்கம் பணம் செலுத்தும். எனவே உங்களிடம் பணி அனுமதி இருந்தாலும் அரசாங்கம் பணம் செலுத்தும். ஆனால், நீங்கள் 2020 மார்ச் 27 க்குப் பிறகு சிங்கப்பூருக்கு வெளியே சென்று திரும்பி வந்த 14 நாட்களுக்குள் அனுமதிக்கப்பட்டால், அரசாங்கம் உங்கள் கட்டணங்களை செலுத்தாது.	Ayon sa anunsyo ng Pamahalaang Singapore, kung ikaw ay isang mamamayan ng Singapore, o isang permanenteng residente, o isang long term pass holder, babayaran ng gobyerno. Kaya&#39;t kung mayroon kang isang permit sa trabaho, babayaran ng gobyerno. Ngunit, kung lumabas ka sa Singapore pagkatapos ng 27 Marso 2020 at nakakuha sa loob ng 14 na araw ng pagbabalik, hindi babayaran ng gobyerno ang iyong mga bayarin.	सिंगापुर सरकार की घोषणा के अनुसार, यदि आप सिंगापुर के नागरिक हैं, या एक स्थायी निवासी, या दीर्घकालिक पास धारक हैं, तो सरकार भुगतान करेगी। इसलिए अगर आपके पास वर्क परमिट है तो भी सरकार भुगतान करेगी। लेकिन, यदि आप 27 मार्च 2020 के बाद सिंगापुर से बाहर चले गए और लौटने के 14 दिनों के भीतर भर्ती हो गए, तो सरकार आपके बिलों का भुगतान नहीं करेगी।
9. I am worried about missing so much work. Will my boss fire me?	৯. আমি আমার কাজ নিয়ে খুবই চিন্তিত, আমার বস কি আমাকে বাদ দিয়ে দিবে?	Tôi lo lắng về việc không làm việc. Tôi sẽ mất việc?	நான் வேலை செய்யாததைப் பற்றி கவலைப்படுகிறேன். நான் என் வேலையை இழக்கலாமா?	Nag-aalala ako tungkol sa hindi gumana. Mawawalan ba ako ng trabaho?	मुझे काम नहीं करने की चिंता है। क्या मेरे द्वारा अपनी नौकरी गवां दी जाएगी?
Your employer is legally mandated to allow your quarantine/treatment. Your employer is also legally bound to continue to pay your salaries even if you are not allowed to leave your dormitory during this Circuit Breaker period. If your employer does not pay your salary within 7 days of the end of the salary period, he can be prosecuted by the Singapore Government.	আপনার নিয়োগকর্তাকে আইনিভাবে আপনার বিচ্ছিন্নতা / চিকিত্সা করার অনুমতি দেওয়া হয়েছে। আপনার সার্কিট ব্রেকার সময়কালে আপনার ছাত্রাবাস ছেড়ে যাওয়ার অনুমতি না দেওয়া সত্ত্বেও আপনার নিয়োগকর্তা আইনত আপনার বেতন প্রদান অব্যাহত রাখতে বাধ্য। যদি আপনার নিয়োগকর্তা বেতন সময়সীমা শেষ হওয়ার ৭ দিনের মধ্যে আপনার বেতন পরিশোধ না করেন, তবে সিঙ্গাপুর সরকার তার বিরুদ্ধে মামলা করতে পারে।	Chủ lao động của bạn phải cho phép bạn đối xử với pháp luật. Nhà tuyển dụng phải trả lương cho bạn ngay cả khi bạn không thể làm việc ngay bây giờ. Nếu tiền lương của bạn không được trả kịp thời, Chính phủ Singapore có thể có hành động chống lại chủ lao động.	உங்கள் சிகிச்சையை சட்டப்படி உங்கள் முதலாளி அனுமதிக்க வேண்டும். நீங்கள் இப்போது வேலை செய்ய முடியாவிட்டாலும் உங்கள் சம்பளத்தை முதலாளி செலுத்த வேண்டும். உங்கள் சம்பளம் சரியான நேரத்தில் செலுத்தப்படாவிட்டால், சிங்கப்பூர் அரசு முதலாளிக்கு எதிராக நடவடிக்கை எடுக்க முடியும்.	Dapat pahintulutan ng iyong employer ang iyong paggamot sa batas. Kailangang bayaran ng employer ang iyong suweldo kahit na hindi ka makatrabaho ngayon. Kung ang iyong suweldo ay hindi nababayaran nang napapanahon, ang Pamahalaang Singapore ay maaaring kumilos laban sa employer.	आपके नियोक्ता को कानून द्वारा आपके उपचार की अनुमति है। अगर आपको अभी काम नहीं करना है तो भी नियोक्ता को आपका वेतन देना होगा। यदि आपके वेतन का समय पर भुगतान नहीं किया जाता है, तो सिंगापुर सरकार नियोक्ता के खिलाफ कार्रवाई कर सकती है।
10. I am scared and I want to go home.	১ ০. আমি ভয় পাচ্ছি এবং আমি বাড়ি যেতে চাই।	Tôi sợ và tôi muốn về nhà.	நான் பயப்படுகிறேன், நான் வீட்டிற்கு செல்ல விரும்புகிறேன்.	Natatakot ako at gusto kong umuwi.	मैं डरा हुआ हूं और मैं घर जाना चाहता हूं।
It is natural to be scared and anxious during this period. For the safety of your family, it is imperative that you follow the instructions given to you by your doctors and the Government. The Singapore Government has made arrangements for you so that we can safely treat you, if you test positive for COVID-19, while protecting others. Singapore has good hospitals and treatment here and will endeavour to give you the best medical care possible.	এই সময়কালে ভয় পাওয়া এবং উদ্বিগ্ন হওয়া স্বাভাবিক । আপনার পরিবারের সুরক্ষার জন্য, আপনার চিকিত্সক এবং সরকারের নির্দেশাবলী অনুসরণ করা জরুরী। সিঙ্গাপুর সরকার আপনার জন্য এমন ব্যবস্থা করেছে যাতে আপনি অন্যদের রক্ষা করার সাথেসাথে আপনার কভিড-১৯ এর সুচিকিৎসাও নিশ্চিত। সিঙ্গাপুরের চিকিত্সা ব্যবস্হা অনেক উন্নত তাই আপনাকে সর্বোত্তম চিকিত্সা দেওয়া হবে।	Đó là điều tự nhiên để sợ hãi và lo lắng trong giai đoạn này. Bạn phải làm theo hướng dẫn của bác sĩ và Chính phủ vì sự an toàn của gia đình bạn. Chính phủ Singapore đã thu xếp, vì vậy chúng tôi có thể điều trị cho bạn một cách an toàn. Singapore có bệnh viện tốt và điều trị ở đây. Chúng tôi sẽ làm hết sức mình để cung cấp cho bạn điều trị tốt nhất có thể.	இந்த காலகட்டத்தில் பயப்படுவதும் கவலைப்படுவதும் இயற்கையானது. உங்கள் குடும்பத்தின் பாதுகாப்பிற்காக மருத்துவர்கள் மற்றும் அரசாங்கத்தின் அறிவுறுத்தல்களை நீங்கள் பின்பற்ற வேண்டும். சிங்கப்பூர் அரசு ஏற்பாடுகளைச் செய்துள்ளது, எனவே நாங்கள் உங்களுக்கு பாதுகாப்பாக சிகிச்சை அளிக்க முடியும். சிங்கப்பூரில் இங்கு நல்ல மருத்துவமனைகள் மற்றும் சிகிச்சைகள் உள்ளன. உங்களுக்கு சிறந்த சிகிச்சையை வழங்க நாங்கள் எங்களால் முடிந்த அனைத்தையும் செய்வோம்.	Ito ay natural na matakot at balisa sa panahong ito. Dapat mong sundin ang mga tagubilin ng mga doktor at Pamahalaan para sa kaligtasan ng iyong pamilya. Ang Pamahalaang ng Singapore ay gumawa ng mga pag-aayos, kaya maaari naming ligtas na mabigyan ka ng paggamot. Ang Singapore ay may magagandang ospital at paggamot dito. Gagawin namin ang aming makakaya upang mabigyan ka ng pinakamahusay na paggamot sa maaari.	इस अवधि के दौरान डर और चिंता होना स्वाभाविक है। आपको अपने परिवार की सुरक्षा के लिए डॉक्टरों और सरकार के निर्देशों का पालन करना चाहिए। सिंगापुर सरकार ने व्यवस्था की है, इसलिए हम आपको सुरक्षित उपचार दे सकते हैं। सिंगापुर में यहां अच्छे अस्पताल और इलाज हैं। हम आपको यथासंभव सर्वोत्तम उपचार देने की पूरी कोशिश करेंगे।
11. How can I make sure I do not get infected with COVID-19?	১১. আমি কীভাবে নিশ্চিন্ত হতে পারি যে আমি কোভিড -১৯ এ আক্রান্ত হয়নি?	Làm thế nào tôi có thể ngăn ngừa nhiễm trùng COVID-19?	COVID-19 நோய்த்தொற்றை எவ்வாறு தடுப்பது?	Paano ko maiiwasan ang COVID-19 Infection?	मैं COVID-19 संक्रमण को कैसे रोक सकता हूं?
Fortunately, there are some preventive measures you can take to minimise the risk of infection. They are:	ভাগ্যক্রমে, সংক্রমণের ঝুঁকি হ্রাস করতে আপনি নিতে পারেন এমন কিছু প্রতিরোধমূলক ব্যবস্থা । তা হ'ল:	May mắn thay, có một số hành động bạn có thể thực hiện để giảm thiểu nguy cơ nhiễm trùng. Đó là:	அதிர்ஷ்டவசமாக, நோய்த்தொற்றின் அபாயத்தைக் குறைக்க நீங்கள் எடுக்கக்கூடிய சில நடவடிக்கைகள் உள்ளன. அவை:	Sa kabutihang palad, may ilang mga pagkilos na maaari mong gawin upang mabawasan ang panganib ng impeksyon. Ang mga ito ay:	सौभाग्य से, संक्रमण के जोखिम को कम करने के लिए आप कुछ क्रियाएं कर सकते हैं। वे हैं:
1. Thoroughly washing your hands with soap and water for at least 20 seconds.	১. আপনার হাত সাবান এবং জল দিয়ে কমপক্ষে ২ ০ সেকেন্ডের জন্য ভাল করে ধুয়ে নিন।	1. Rửa tay kỹ bằng xà phòng và nước trong ít nhất 20 giây.	1. சோப்பு மற்றும் தண்ணீரில் உங்கள் கைகளை குறைந்தது 20 விநாடிகள் கழுவ வேண்டும்.	1. Malinis na hugasan ang iyong mga kamay gamit ang sabon at tubig nang hindi bababa sa 20 segundo.	1. कम से कम 20 सेकंड के लिए साबुन और पानी से अपने हाथों को धोना।
2. Avoid touching eyes, nose and mouth.	২. চোখ, নাক এবং মুখ স্পর্শ করা এড়িয়ে চলুন।	2. Không chạm vào mắt, mũi và miệng.	2. கண்கள், மூக்கு, வாய் ஆகியவற்றைத் தொடாதே.	2. Huwag hawakan ang mga mata, ilong, at bibig.	2. आंख, नाक और मुंह न छुएं।
3. Covering your mouth and nose with your elbow or tissue when you cough or sneeze.	৩. আপনি কাশি বা হাঁচি নিলে আপনার কনুই বা টিস্যু দিয়ে আপনার মুখ এবং নাক ঢেকে ফেলুন।	3. Che miệng và mũi bằng khuỷu tay hoặc khăn giấy khi bạn ho hoặc hắt hơi.	3. நீங்கள் இருமல் அல்லது தும்மும்போது உங்கள் முழங்கை அல்லது திசுவால் உங்கள் வாய் மற்றும் மூக்கை மூடுவது.	3. Takpan ang iyong bibig at ilong gamit ang iyong siko o tisyu kapag umubo ka o bumahin.	3. जब आप खांसते या छींकते हैं तो अपने मुंह और नाक को अपनी कोहनी या ऊतक से ढक लेते हैं।
4. Maintaining at least 1 metre distance between yourself and anyone else.	৪. নিজের এবং অন্য কারও মধ্যে কমপক্ষে ১ মিটার দূরত্ব বজায় রাখুন	4. Duy trì khoảng cách ít nhất 1 mét giữa bạn và bất kỳ ai khác.	4. உங்களுக்கும் வேறு யாருக்கும் இடையில் குறைந்தது 1 மீட்டர் தூரத்தை பராமரித்தல்.	4. Pagpapanatili ng hindi bababa sa 1 metro ang distansya sa pagitan ng iyong sarili at sa sinumang iba pa.	4. अपने और किसी और के बीच कम से कम 1 मीटर की दूरी बनाए रखना।
5. Staying indoors if you feel unwell and keep isolated from others. If you develop fever, cough or breathlessness, please seek medical attention early.	৫. আপনি যদি অসুস্থ বোধ করেন এবং অন্যের থেকে বিচ্ছিন্ন থাকেন তবে বাড়ির ভিতরেই থাকুন। যদি আপনার জ্বর, কাশি বা শ্বাসকষ্ট হয় তবে দয়া করে তাড়াতাড়ি চিকিত্সকের সহায়তা নিন।	5. Ở nhà nếu bạn cảm thấy không khỏe và tránh xa người khác. Nếu bạn bị sốt, ho hoặc khó thở, vui lòng đi khám sớm.	5. உங்களுக்கு உடல்நிலை சரியில்லாமல் இருந்தால் மற்றவர்களிடமிருந்து விலகி இருங்கள். உங்களுக்கு காய்ச்சல், இருமல் அல்லது சுவாசப் பிரச்சினை இருந்தால், தயவுசெய்து மருத்துவ உதவியை நாடுங்கள்.	5. Manatili sa bahay kung sa tingin mo ay hindi maayos at umiwas sa iba. Kung mayroon kang isang lagnat, ubo o problema sa paghinga, mangyaring humingi ng medikal na atensyon nang maaga.	5. अगर आप अस्वस्थ महसूस करते हैं और दूसरों से दूर रहते हैं तो घर पर रहें। अगर आपको बुखार, खांसी या सांस लेने की समस्या है, तो कृपया जल्दी से चिकित्सा की तलाश करें।
