Wikipedia (EN)	English	Vietnamese	Simplified Chinese	Tagalog	Burmese	Kurmanji	Arabic	Swahili	Kibaku	Waha	Bura Pabir	Mandara
https://en.wikipedia.org/wiki/Severe_acute_respiratory_syndrome_coronavirus_2	2019-nCoV	2019-nCoV	新冠病毒	2019-nCoV	ကိုရိုနာဗိုင်းရပ်စ် - ၂၀၁၉	2019-nCoV (vîrûsa nû)	فيروس الكورونا المستجد 2019	2019-nCoV	2019-nCoV	2019-nCoV	2019-nCoV	2019-nCoV
https://en.wikipedia.org/wiki/Pulmonary_alveolus	alveoli	túi phổi	肺泡	alveoli	အဆုတ်လေအိတ်ငယ်များ	sikildanokên bayî	حويصلة رؤية	mifuko midongo mapafuni	whalir kcinta shambar akwa fufu	wativa javat safaka an mahufi	lakur mpika akwa huhu	aza kaɓa zlalava fiɗya kalkale am makufé
	antibacterial	kháng khuẩn	抗菌的	laban sa bacteria	ဘက်တီးရီးယားပိုး နှိမ်နင်းသောဆေး	dijbakteriya	مضادات بكتيرية	dawa za kuua bakteria	kuzugu nam ada tsai bakteriya	ghwina jat inahat sangat bacteria	kudzugur tsi bakteriya	aza jà baktériya
https://en.wikipedia.org/wiki/Antibiotic	antibiotics	thuốc kháng sinh	抗生素	mga antibiotiko	ပဍိဇီဝဆေးများ	dermanên dijbaktêrî	مضادات حيوية	antibiotiki	anti baiyotiks	ghwina mlat kuza	kuddzugur ar tsi maɗa suayeri na ana sǝntǝ shilku	kurguna kuza
https://en.wikipedia.org/wiki/Antibiotic	antimicrobial	kháng khuẩn	抗菌素	antimicrobial	ရောဂါဖြစ်စေသောပိုးမွှားများအား တိုက်ထုတ်သည့်ပစ္စည်း	dijmîkrob	مضادات الميكروبات	Ajenti ya kuua viinidudu	kuzugǝr tsi bakteriya	ghwina jat inat sangat kuza	kudzugu na ana tsi maɗa suayeri na ana sǝntǝ shilku	kurguna jà naza sawan kuza
https://en.wikipedia.org/wiki/Category:Antiretroviral_drugs	antiretroviral drugs	thuốc ARV	抗逆转录病毒	mga antiretroviral drug	ခုခံအားကျဆင်းစေသည့် ဗိုင်းရပ်စ်ကို တိုက်ဖျက်သည့်ဆေးများ	dermanên dijpaşvevîrûsan	العلاج المضاد للفيروسات الرجعية	dawa za kupunga makali ya virusi	kuzug;ur tsai vairus	ghwina jat ina sangat kuza	kudzugur tsi vairus	kurguna janfuhe wàla kuza am vuwe
https://en.wikipedia.org/wiki/Acute_respiratory_distress_syndrome	ARDS	Hội chứng suy hô hấp cấp	急性呼吸窘迫综合征	ARDS		Berjengên Tûj ên Êşa Henaseyî	متلازمة ضق النفس الحادة	Ugonjwa Kali wa Mfumo wa Kupumua	ARDS	ARDS	ARDS	ARDS
https://en.wikipedia.org/wiki/Asymptomatic	asymptomatic	không có triệu chứng	无症状的	walang sintomas	ရောဂါ လက္ခဏာမပြ	bênîşane	خلو من الأعراض	ukosefu wa dalili	adai ada tsanti alama wɛ	hat marantawo	kula ncantǝ alama	ɓaakire mara nalama kuza am vuwe
	case	trường hợp	病例	kaso	အမှုကိစ္စ	rewş	حالة	kisa	kasuwa nam musaman	inunda kusa tundu	shilku na jili laga	urana an kuza
https://en.wikipedia.org/wiki/Case_fatality_rate	case fatality rate	tỷ lệ tử vong ca bệnh	致死率	case fatality rate	ရောဂါကြောင့် သေဆုံးသည့် နှုန်း	rêjeya derfeta mirinê	معدل الوفيات	kisa cha kiwango cha vifo	hangkurir nji nam kula nga akuyaka kasuwa laka	golt matuku	hankur mji na ngawa na ana mta kamnyar shilku laga	kwakyire urahana a jà téré kuza ŋanna
https://en.wikipedia.org/wiki/Centers_for_Disease_Control_and_Prevention	CDC	CDC	疾控中心	CDC	စီဒီစီ	Navendên Venêrîn û Rêlêgirtina Nexweşiyan	مركز مكافحة الأمراض والوقاية منها	Kituo cha Kudhibiti na Kuzuia Magonjwa	CDC	CDC	CDC	CDC
https://en.wikipedia.org/wiki/Centers_for_Disease_Control_and_Prevention	Centers for Disease Control and Prevention	Trung tâm kiểm soát và phòng ngừa dịch bệnh	疾控中心	Centers for Disease Control and Prevention	ရောဂါ ထိန်းချုပ်ရေး နှင့် ကာကွယ်ရေးစင်တာ	Navendên Venêrîn û Rêlêgirtina Nexweşiyan	مركز مكافحة الأمراض والوقاية منها	Kituo cha Kudhibiti na Kuzuia Magonjwa	Vǝyir kanti tǝtǝlntadzir kasuwa aka kanti ɓuyir kasuwa	biga ta thlahatal kwizuka kuza	vǝi kǝthlǝr ar nkatǝ yatǝdzir shilkǝyeri	tàta kwara kuza antara janfuhe zlalava kuza
https://en.wikipedia.org/wiki/Case_fatality_rate	CFR	CFR	致死率	CFR	စီ အက်ဖ် အာရ်	Rêjeya Derfeta Mirinê (RDM)	معدل الوفيات	CFR	CFR	CFR	CFR	CFR
https://en.wikipedia.org/wiki/Circulatory_system	circulatory system	hệ tuần hoàn	循环系统	sistemang sirkulatoryo	သွေးလည်ပတ်မှုစနစ်	koendamê gerandarî	الجهاز الدوراني	mfumo wa kuzunguka	bwa nam ada nɗǝɦǝnta masi akwa dza ndɛ	inunda tatig tuɓas maghva	bwa na ana ndigǝi mamshi akwa dza mda	uŋŋule zlalava úzhe am vuwe
	clinical	lâm sàng	临床的	klinikal	ကုသမှုဆိုင်ရာ	nexweşxaneyî	سريري	jaribio la kimatibabu	tubwar likitakur	kuzahunda kas tundu kol ina gwadata nasibiti	su na tsukwa lakur ɓǝla lapiyakur	nda slera asibitiye ge gwata ura
https://en.wikipedia.org/wiki/Clinical_trial	clinical trial	thử nghiệm lâm sàng	临床试验	klinikal na pagsubok	ကုသမှုပိုင်းဆိုင်ရာ စမ်းသပ်စစ်ဆေးမှု	ceribandina nexweşxaneyî	تجربة سريرية	jaribio la kimatibabu	nkǝrti ngaba su ata kǝra lapiyakur tubwar ʻya test pam pam	gwadat ampaniya ghwini	nkǝrta natǝ likita ana hara ka ngaɓǝla kǝra shilku laga	gwata nàmpíré kurguna
	community transmission	lây nhiễm trong cộng đồng	社区传播	local transmission	လူ့အသိုင်းအဝိုင်းအတွင်း ကူးစက်ပျံ့နှံ့မှု	veguhestina civakî	انتقال مجتمعي	maenezi katika jamii	tǝtǝlntadzir kasuwa akwa zara	kwizuka kuzan toba undu	yatǝdzir shilku akwa nca mjir zara	zlalava kuza am dagava zlama kǝlaawa
	confirmed case	ca xác định	确诊病例	kumpirmadong kaso	ရောဂါရှိကြောင်း အတည်ပြုထားသည်	rewşa rastandî	حالة مؤكدة	kisa kilichothibitishwa	kasuwa namtu ndɛ zǝndi apǝri adai	tabatat kuza	shilku natǝ mdǝ ngaɓǝla an koronavairus	zheda uran kuza ŋanna
	contact	tiếp xúc	接触	pagdaiti	ထိတွေ့မှု	destdan	ملامسة	mgusano	kǝba	sihantina	tsukwari wala kǝɓa	jemhe vuwa ura a mazla
https://en.wikipedia.org/wiki/Contagious_disease	contagious	truyền nhiễm	传染的	nakakahawa	ကူးစက်တတ်သော	vegirtî	مُعدٍ	ambukizi	kasuwa namtu nji dwam ata mǝzi bui bet bǝtu	kuzundat kas tund ko ngawa	shilku natu a wutǝ mda ma tsa kǝɓa ka mda naka shilku ni	kuza na a gyega ura aza ura umele na
	contaminated	bị nhiễm khuẩn	受污染的	kontaminado	ညစ်ညမ်းစေသည်	herrimandî	ملوّث	iliyoambukizwa	guzubtiX	gwayafta	ka diɗi	duksa an kuza atikwa na
https://en.wikipedia.org/wiki/Coronavirus	coronavirus	vi rút corona	冠状病毒	coronavirus	ကိုရိုနာဗိုင်းရပ်စ်	vîrûsa Koronayê	فيروس كورونا	virusi vya Korona	koronavairus	coronavirus	koronavairus	coronavirus
https://en.wikipedia.org/wiki/Cough	cough	ho	咳嗽	ubo	ချောင်းဆိုးခြင်း	kuxik	سعال	kikohozi	ɓuthla	wathiɗa	ɓuthla	ŋwuɦye
https://en.wikipedia.org/wiki/Coronavirus	COV	COV	冠状病毒	COV	နိုဗယ် ကိုရိုနာဗိုင်းရပ်စ်	KOV	فيروس كورونا المستجد	Virusi vya Korona	COV	COV	COV	COV
https://en.wikipedia.org/wiki/Covid-19	covid-19	COVID-19	新冠肺炎	covid-19	ကိုဗစ် - ၁၉	kovîd-19	كوفيد-19	civid-19	kovid- 19	covid-19	kovid-19	covid-19
https://en.wikipedia.org/wiki/CT_scan	CT scan	chụp CT	CT扫描	CT scan	စီတီ စကန်	tîrojdana birgehî (wênegirî ji bo naskirina nexweşiyê)	التصوير المقطعي المحوسب	Uchanganuzi wa CT	siti skan	CT scan	CT skan	CT scan
https://en.wikipedia.org/wiki/Delirium	delirium	mê sảng	谵妄	deliryo	ကယောင်ကတမ်းဖြစ်ခြင်း	wirêne	هذيان	badiliko la ghafla wa ubongo	sǝba akwa zǝndir su namtu gakwa	sapta an hankalini	ndatǝdzi kamnyar dzǝkdzǝku wala balamtadzir hankal	ɓaakire heŋkale ge dzama kalkale aɗaba lapikire
https://en.wikipedia.org/wiki/Medical_diagnosis	diagnosis	chẩn đoán	诊断	diyagnosis	ရောဂါအမည်ဖော်ထုတ်ခြင်း	kifşkirin	تشخيص	utambuzi wa kimatibabu	ngabadzir su nam tara ʻya	nighapta	ngaɓǝla shilku na akwa dametu mda	gwata ura
https://en.wikipedia.org/wiki/Diarrhea	diarrhoea	tiêu chảy	腹泻	pagtatae	ဝမ်းလျှောခြင်း	virik	إسهال	kuhara	tǝhɛ	pagh huɗi	tǝha	puwa-huɗe
https://en.wikipedia.org/wiki/Disease	disease	bệnh	疾病	sakit	ရောဂါ	nexweşî	مرض	ugonjwa	kasuwa	kuza	shilku	kuza
https://en.wikipedia.org/wiki/Distance	distance	khoảng cách	距离	distansya	အကွာအဝေး	dûrbûn	مسافة	umbali	pǝɗǝmkur	diɗinuku	cijukur na akwa daɓwa mji suɗa wala vi suɗa	zliɗa am dagava duksàha
https://en.wikipedia.org/wiki/Respiratory_droplet	droplets	giọt (dịch)	飞沫	maliliit na patak	အရည်စက်	dilop	الرذاذ	Matone	yimi nkiɗu nkiɗu nam ada sǝba akwa nya nji ma dar ada labar	tiɗuku	diyang wala mtǝli na raka	téɗa ƴéhé antara makwazhe aliya atisha
https://en.wikipedia.org/wiki/Emergency	emergency	cấp cứu	紧急的	emergency	အရေးပေါ်	awarte	الطوارئ	dharura	dlarɛ namtu ndada bara dlarɛ bet bǝtu	anjivan jivo	akwa huva wala akwa sakar huva	naza mela at watsawatsire
	emerging respiratory virus	vi rút hô hấp chủng mới	新发呼吸道病毒	sumusulpot na virus sa respiratoryo	ပေါ်ထွန်းလာသည့် အသက်ရှူလမ်းကြောင်းဆိုင်ရာ ဗိုင်းရပ်စ်ပိုးများ	vîrûsa henaseyî ya nû	فيروسات الجهاز التنفسي المستجدة	virusi vinavyoibuka vya mfumo wa kupumua	kwayar vairus nam ada kǝli akwa fufu	ina hundat sanga kuza kas tundu	sur sǝntǝ shilku akwa lakur hara mpika	wàla kuza una a sawan damuwa puwa shifa na
https://en.wikipedia.org/wiki/Encephalitis	encephalitis	bệnh viêm não	脑炎	pamamaga ng utak	ဦးနှောက်အမြှေးပါးရောင်ခြင်း	kulbûna mejî	التهاب الدماغ	uvimbe ubongoni	kasuwar angar	kuza makono	shilkur angar	kuza makɦya
https://en.wikipedia.org/wiki/Enzyme	enzyme	enzym	酶	enzyme	အင်ဇိုင်း	enzîm	إنزيم	kichocheo	su nam akwa dza ndɛ nam ada dlarɛ akwa kǝthlǝr laka	inahundat mog thlina maghva	su na akwa dza mda na ana dlar ka hara kǝthlǝr laga	naza zlalava vuwe kalkale
https://en.wikipedia.org/wiki/Epidemic	epidemic	dịch bệnh	流行	epidemya	ကပ်ရောဂါ	pejîk	وباء	janga la ugonjwa	kasuwa nam tara sǝba akwa vi pam pam hang	kuza kusa tund malwa	shilku na mdlǝtǝ di	kyà kuza am maɗala kǝse
https://en.wikipedia.org/wiki/Epidemiology	epidemiology	dịch tễ học	流行病学	epidemiyologo	ရောဂါဖြစ်ပွားပုံ	pejîknasî	علم الأوبئة	epidemiolojia	ilimi nǝr ngaba tǝtǝlntadzir kasuwa	lahunda ta nighapt kag kuzat kwizuku	ilimi na ar ngaɓǝla yatǝdzir shilku	mba zlalava kuza am zlama kǝlaawa
https://en.wikipedia.org/wiki/Surgical_mask	face mask	khẩu trang	口罩	face mask	မျက်နှာဖုံး	rûpoşa rûyê	قناع وجه	maski ya uso	sǝr mbuti ata kǝma nǝr likita	ina funta tewa kima	sur mbuta ata kǝma mda	naza hiɗa féke
	fatal	gây tử vong	致命的	nakakamatay	သေစေနိုင်သော	kujer	مميت	kusababisha kifo	ata mǝzi tsi ndɛ	kuza bija	ana tsi mda	naza jà shifa
https://en.wikipedia.org/wiki/Case_fatality_rate	fatality rate	tỷ lệ tử vong	致死率	fatality rate	အသက်သေဆုံးသည့် နှုန်း	rêjeya mirinê	معدل إماتة	kiwango cha vifo	hangkurir nji nam ata mǝzi nti akwa dubu pathlu	kaduka la matuku	hankur mji na mta kamnyar shilku laga	kwakyire urahana a ja ŋane na
https://en.wikipedia.org/wiki/Fever	fever	sốt	发烧	lagnat	အဖျား	tagerm	حمّى	joto mwilini	dzǝ dzǝku	kuza safak	dzikdziku	slakslake
https://en.wikipedia.org/wiki/Flu	flu	bệnh cúm	流感	trangkaso	တုတ်ကွေး (ဖလူ)	persîv	زكام	homa	gyang	kubineke	diyang	makwazhe
https://en.wikipedia.org/wiki/GenBank	GenBank	GenBank	基因库	GenBank	ဂျန်းဘဏ်	GenBank (Banka Genan)	بنك الجينات	GenBank	GenBank	maltinundat bobb tundu	GenBank	nawura jàhà mla nderà ura
https://en.wikipedia.org/wiki/Hand_washing	handwashing	rửa tay	洗手	paghuhugas ng kamay	လက်ဆေးခြင်း	destşûştin	غسل اليدين	kunawa mikono	kǝtsǝ tsai	mboz jivo	kǝci tsi	bàrà erva
https://en.wikipedia.org/wiki/Hospital	hospital	bệnh viện	医院	ospital	ဆေးရုံ	nexweşxane	مستشفى	hospitali	fǝr kuzugu	asbiti	mbwa kudzugu	asibitiye
https://en.wikipedia.org/wiki/Hygiene	hygiene	điều kiện vệ sinh	卫生	palalusugan	ပတ်ဝန်းကျင်သန့်ရှင်းရေး	paqijî	نظافة	usafi	kǝci kǝcikur	tsaɗa	kǝcikǝcikur	càɗa
https://en.wikipedia.org/wiki/Intensive_care_unit	ICU	ICU (chăm sóc tích cực)	重症监护	ICU	အိုင်စီယူ ခေါ် အထူးပြုစုစောင့်ရှောက်ရေး ယူနစ်	Yeka Çavdêriya Tîndar (YÇT)	وحدة العناية المركزة	Chumba cha Wagonjwa Mahututi	ICU	ICU	ICU	ICU
https://en.wikipedia.org/wiki/Immunodeficiency	immunocompromised	suy giảm miễn dịch	免疫功能不全的	immunocompromised	ခုခံအားကျဆင်းနေသော	kêmparêzbendî	منقوص المناعة	upungufu wa kinga mwilini	bwa nǝr kanti kasuwa akwa dza ndɛ nam kura ada kǝthlǝr kal kal	inunda ta kusa tinunda ta malt kuza maghva mundu	bwa na ar nkamta shilku na akwa dza mda na aɗena kǝthlǝr kalkal wa	sawja vuwe na ɓaaaka a ga slera kalkale na
https://en.wikipedia.org/wiki/Immunosuppression	immunosuppressed	ức chế miễn dịch	免疫抑制的	immunosuppressed	ခုခံအား ကျဆင်းနေသော	parêzbendiya tepeserkirî	كابتات المناعة	upungufu wa kinga mwilini	bwa nǝr kanti kasuwa akwa dza ndɛ nam kura ada kǝthlǝr aka dǝna	piɗakaghiva avla kuza	bwa na ar nkamta shilku na akwa dza mda na aɗena kǝthlǝr ka duna wa	ɓaakire ndzeɗa sawja vuwe aɗaba kuza
https://en.wikipedia.org/wiki/In_vitro	in vitro	in vitro (thí nghiệm trong ống nghiệm hoặc trên các mô/cơ thể đã chết)	试管的	in vitro	ကိုယ်ခန္ဓာတွင်း	di ezmûngehê de	في المختبر	nje ya mwili wa binadamu	nkǝrti na kuzugu akwa adai akwadza ndɛ wɛ	gwada tundu an glass	nkǝrta na ar kudzugu na aɗi akwa kuta dza mda wa	nawura gwata kuza at nazu ɓaaka shifa
https://en.wikipedia.org/wiki/In_vivo	in vivo	in vivo (thí nghiệm trên các mô/cơ thể còn sống)	体内的	in vivo	ကိုယ်ခန္ဓာတွင်း	di nav leşê zindî de	في الجسم الحي	ndani ya mwili wa binadamu	nkǝrti na kuzugu akwa dza ndɛ	gwada tundu an thlarpa sakwidi	nkǝrta na ar kudzugu akwa kuta dza mda	nawura gwata kuza at nazu an shifa
https://en.wikipedia.org/wiki/Incubation_period	incubation period	thời kỳ ủ bệnh	潜伏期	incubation period	ပိုးရှင်သန်ပေါက်ပွားသည့် အချိန်ကာလ	dema xuya kirina nîşanên nexweşiyê	فترة حضانة	kipindi ku	saka namtu ndata ngaba ko kasuwa adai	sarta mruka kuza	saka natǝ mda a ngaɓǝla shilku ata dza mda	lokte ye a kuza am vuwe
	infected	bị nhiễm	被感染的	may impeksyon	ရောဂါကူးစက်ခံရသည်	vegirtî	مصاب	inamaambukizi	nam aka kasuwa	kisafta	kǝɓa ka shilku	gyegavan kuza
https://en.wikipedia.org/wiki/Infection	infection	sự nhiễm bệnh	感染	impeksyon	ကူးစက်ရောဂါ	teşene	عدوى	maambukizi	kasuwar bwa laka dza ndɛ	kas tunda kuza	shilku ata dza mda natu maɗa suayeri na raka natu nca aɗena wuta wa an sǝnta	kuza am vuwe
https://en.wikipedia.org/wiki/Influenza	influenza	bệnh cúm	流感	trangkaso	ဖလူ/တုတ်ကွေးရောဂါ	înfluenza	الأنفلونزا	homa ya mapafu	Gyang	kuza kubneke	diyang	makwazhé
	information	thông tin	信息	impormasyon	အချက်အလက်	agahî	معلومات	habari	labar	habara	labar	labare
	intervention	can thiệp	干预	pamamagitan	ကြားဝင်စွက်ဖက်မှု	têkilîkirin	تدخل	kuingilia kati	ʻya su ata kǝra su	wativa klafal anga vala tala nda kuza	vu kǝr akwa dlara ka hara kudzugur su naɗi	mela ge gula zlaɗa ge ndahana a shatire palàsa na
	IPC	IPC	感染防控	IPC	ကူးစက်ရောဂါ ကာကွယ်တားဆီးရေး နှင့် ထိန်းချုပ်ရေး (အိုင်ပီစီ)	Rêlêgirtin û Venêrîna Teşeneyê (RVT)	مكافحة العدوى والوقاية منها	Kuzua Maambukizi na Kudhibiti	IPC	IPC	IPC	IPC
https://en.wikipedia.org/wiki/Isolation_(health_care)	isolation	cách ly	隔离	pag-isolate	သီးခြားခွဲထားခြင်း	vederkirin	العزل	pweke	ndǝɦǝba ndɛ ta ndǝta ƙǝɓa kǝka nji damwayere	fata njaɗa ndundu	ndǝgǝmta kǝr kamnyar nkamta kǝɓa ka mji damwa	tla ire
https://en.wikipedia.org/wiki/Lopinavir	LPV	LPV	肺保护性通气	LPV	အဆုတ်ကာကွယ်ရေး အသက်ရှူမှု (အယ်လ်ပီဗွီ)	Badarî ji bo Parastina Sîhê	تهوية واقية للرئة	Kuruhusu hewa Kukinga Mapafu	LPV	LPV	LPV	LPV
	medical	y tế	医学的	medikal	ဆေးဖက်ဆိုင်ရာ	bijîşkî	طبي	ya kimatibabu	su nam tara tsukwar bwar lapiyakur	anga ghwini	su na tsukwa lapiyakur dza mda	hyepa maga kurgune kuza
https://en.wikipedia.org/wiki/Surgical_mask	medical mask	khẩu trang y tế	医用口罩	medical mask	ဆေးရုံသုံး မျက်နှာဖုံး	rûpoşa bijîşkî	قناع طبي	maski ya kimatibabu	sǝr mbuti ata kǝma nǝr likita	ina ta funta Dokta tewa kima	sur mbuta ata kǝma mda na ar likita	naza hiɗa féke nda slera asibitiye
https://en.wikipedia.org/wiki/Medicine	medicine	thuốc	药物	gamot	ဆေးဝါး	derman	طبي	dawa	kuzugu	ghwini	kudzugu	kurgune
https://en.wikipedia.org/wiki/Middle_East_respiratory_syndrome	MERS	MERS	中东呼吸综合征	MERS	အရှေ့အလယ်ပိုင်း အသက်ရှူလမ်းကြောင်းဆိုင်ရာ ရောဂါလက္ခဏာစု (အမ်အီးအာရ်အက်စ်)	Nîşana Henaseyê ya Rojhilata Navîn (MERS)	متلازمة الشرق الأوسط التنفسية	Ugonjwa wa Kupumua wa Mashariki ya Kati	MERS	MERS	MERS	MERS
https://en.wikipedia.org/wiki/Misinformation	misinformation	tin giả	错误信息	maling impormasyon	အချက်အလက်မှား	agahiyên çewt	معلومات خاطئة	habari potofu	gari ko labar nam kura jǝri	habararha bewo	labar na aɗi jir wa	féla labare kalkalenka na
	morbidity rate	tỷ lệ nhiễm	发病率	dami ng nagkasakit	ရောဂါကြောင့် လူနာဖြစ်သည့်နှုန်း	rêjeya nexweşîtiyê	معدلات الإصابة بالمرض	kiwango cha kutokea kwa ugonjwa	hankurir nji nam ata mǝzi bui kasuwa laka	kaduka la nda kuza	hankur mji na a tsoktǝ wutǝ shilku laga	kwakyire emndahana tà naba shansha kuza ŋanna
https://en.wikipedia.org/wiki/Mortality_rate	mortality rate	tỷ lệ tử vong	死亡率	dami ng namatay	အသေအပျောက်နှုန်း	rêjeya nemanîtiyê	معدل الوفيات	kiwango cha vifo	hangkurir nji nam tara nti akuyaka kasuwa laka	kaduka la matata	hankur mji na mta kamnyar shilku laga	kwakyire ndahana tà mtsahe aɗaba kuza ŋanna
	muscle pain	đau cơ	肌肉疼痛	pananakit ng kalamnan	ကြွက်သားနာကျင်ခြင်း	êşa masûlkan	ألم عضلات	maumivu ya misuli	kalɛ tubaw bǝrda	kuza ghabajaka	kǝtǝr kumǝr dza	waa hyewa vuwe
https://en.wikipedia.org/wiki/Novel_coronavirus	nCoV	ARDS	新型冠状病毒	nCoV	ရုတ်တရက်ပြင်းထန်သည့် အသက်ရှူလမ်းကြောင်းကို ဒုက္ခပေးသည့်ရောဂါ သွင်ပြင်လက္ခဏာ	nCoV: Vîrûsa Koronayê ya Nû	فيروس كورونا المستجد	Virusi vya Korona
https://en.wikipedia.org/wiki/Novel_coronavirus	novel coronavirus	vi rút chủng mới	新型冠状病毒	novel coronavirus	နိုဗယ် ကိုရိုနာဗိုင်းရပ်စ်	vîrûsa Koronayê ya nû	فيروس الكورونا المستجد	virusi vya kwanza vya korona	kasuwa nam bǝlin nǝr korona vairus	habara kuza coronavirus	koronavairus na bǝlin	labare coronavirus
	older people	người cao tuổi	长者	matatanda	အသက်ပိုကြီးသူများ	kal û pîr	الأشخاص الأكبر سناً	watu wazee	nji hal haliyere	nguzakha undu	mji na hal	emgyegwar-mala
	openwho	openWHO	openWHO	openwho	အိုးပင်းဟူး သင်တန်း	OpenWHO: aplikasiyona xwendinê ya Rêxistina Tenduristiyê ya Cîhanî	منصة التعلم المفتوحة لمنظمة الصحة العالمية	openwho	OpenWHO	openwho	OpenWHO	openwho
https://en.wikipedia.org/wiki/Disease_outbreak	outbreak	sự bùng phát	爆发	paglaganap	ရုတ်တရက် ပေါ်ပေါက်ခြင်း	derketina nexweşiyê	تفشي	mlipuko	sǝbar kasuwa akwa ntsa nji	faraghva ina	wutusǝr shilku akwa nca mji	kya kuza
https://en.wikipedia.org/wiki/Pandemic	pandemic	đại dịch	流行病	pandemiko	ကမ္ဘာအနှံ့ရောဂါဖြစ်ပွားခြင်း	belaya cîhanî	وباء عالمي	mlipuko wa ugonjwa	kasuwa nam ada sǝba ka dza tsi nji hangkurari akwa vi hang akwa dunya	kuza undsma	shilku na mdlǝta di wala tsǝɗi	kuza zlama kǝlaawa
https://en.wikipedia.org/wiki/Powered_air-purifying_respirator	PAPR	PAPR	动力过滤式呼吸器	PAPR	ပီအေပီအာရ်	NAPB: Nefeşkêşka Amêrger a ji bo Paqijkirina Bayê	كمامات تنقية الهواء التي تعمل بالطاقة	Kipumuzi kilichotiwa nguvu na Hewa	PAPR	PAPR	PAPR	PAPR
https://en.wikipedia.org/wiki/Pathogen	pathogen	mầm bệnh	病原体	pathogen	ရောဂါဖြစ်စေသော ပစ္စည်း	nexweşxere	عامل مسبب للمرض	pathojeni	su nkidi nkidu nam ada si aka kulangakur	inundat sangat kuza	maɗa suayeri na ana sǝntǝ shilku	aza sawan kuza
https://en.wikipedia.org/wiki/Patient	patient	bệnh nhân	病人	pasyente	လူနာ	nexweş	مريض	mgonjwa	ndǝ nam kula nga	unda kol yanga	mda na ngawa	urana lapikana
https://en.wikipedia.org/wiki/Positive_end-expiratory_pressure	PEEP	PEEP	呼气末正压	PEEP	အသက်ရှူထုတ်မှုအဆုံးတွင် အပေါင်းလက္ခဏာပြသည့် ဖိအား	Pestankirina Bêhn-Berdan a Erênî	ضغط نهاية الزفير الايجابي	Shinikizo la mwisho wa kupumua	PEEP	PEEP	PEEP	PEP
	peripheral oxygen saturation	độ bão hòa oxy trong máu ngoại vi	血氧饱和度	peripheral oxygen saturation	ခန္ဓာကိုယ်အစွန်အဖျားရှိ ဆံချည်မျှင်သွေးကြောများတွင်းရှိ အောက်ဆီဂျင် ပြင်းအား	têrbûna oksîjena çarkînarî	التشبع المحيطي بالأكسجين	oksijeni ya kuongezwa	su tara tsukar bwar mwarǝr masi akwa dza ndɛ	mbaɗa uɓas maghva	hankur shambar na ar mpika nakwa mamshi	zlalava úzhe am vuwe
	person under investigation	người đang được điều tra (PUI)	调查病例	person under investigation	စောင့်ကြည့်ခံနေရသူ	kesê binî peygerînê	شخص خاضع للتحقيق	Mtu aliye katika ukaguzi wa kimatibabu	ndɛ namtu ndada ʻya sǝr ngabasu ata kǝrari	undunda ta nighal kuza ngana tadiya	mda natǝ mda aɗi kuri ngaɓǝla abbǝr an COVID-19 wa	urana a zhara lapiyira na nde na
	person under monitoring	người đang được theo dõi (PUM)	监控病例	person under monitoring	စောင့်ကြည့်ခံနေရသူ	kesê binî zêrevanîkirinê	شخص خاضع للرقابة	Mtu aliye katika Ufuatiliaji	ndɛ namtu ndata kǝra ɓǝlatǝni akuyaka ngabasu ata kǝrari ko ata kǝra su	undunda ti zorlo	mda natǝ mda akwa ɓǝla ni kamnyar tsa tsukwari wala kǝɓa ka mdǝ damwa naka COVID19	urana a faɦyema ɗe atuwe ge jemhe ane an dade kuza na
https://en.wikipedia.org/wiki/Personal_protective_equipment	personal protective equipment	Thiết bị bảo hộ cá nhân	个人防护装备	personal protective equipment	တစ်ကိုယ်ရည် ကာကွယ်ရေး ကိရိယာ	Amûra Parastinê ya Kesane	معدات الوقاية الشخصية	kifaa cha kujinga	kariyir kanti ta ndǝta bui ko kǝɓa aka kasuwa	karyunda ti mog la thlina asbit thlina ndede	kariyeri ar nkamta kǝr ta kǝɓa ka shilku	kazlaŋe a fa hyema ge ira nda maga slera lapiyire
https://en.wikipedia.org/wiki/Pneumonia	pneumonia	viêm phổi	肺炎	pulmonya	နူမိုနီးယား	neks	الالتهاء الرؤي	nimonia	kasuwar nimoniya	pneumonia	shilkǝr nimoniya	nimoniya
https://en.wikipedia.org/wiki/Powered_air-purifying_respirator	Powered Air-Purifying Respirator	Mặt nạ phòng độc	动力过滤式呼吸器	Powered Air-Purifying Respirator	စွမ်းအားမြင့် လေထုသန့်စင်ပေးသည့် အသက်ရှူအားကူစက်	Nefeskêşka Amêrger a ji bo Paqijkirina Bayê	كمامات تنقية الهواء التي تعمل بالطاقة	Kipumuzi kilichotiwa nguvu na Hewa	kariyere namtu njir ɓǝla lapiyakur ada hati kadubar wul nji nam kulanga	kariyunda ta suɗuta la mog thlina sabiti	kariyeri natǝ mjir ɓǝla lapiyakur ana ha kamnyar wul mji na ngawa	naŋgyúwé nda zhera lapiyire nda kuza ŋanna
https://en.wikipedia.org/wiki/Personal_protective_equipment	PPE	PPE	个人防护装备	PPE	ပီပီအီး	APK: Amûra Parastinê ya Kesane	معدات الوقاية الشخصية	Kifaa cha Kujinga	PPE	PPE	PPE	PPE
	preexisting conditions	Bệnh nền	既存病情	mga dati nang karamdaman	နောက်ခံရှိပြီးသား အခြေအနေများ	rewşên pêşbûnî	الظروف القائمة مسبقاً	matatizo ya awali ya kiafya	kasuwa namtu ndɛ akǝr wacima	kuzunda hahad maghva mundu	shilku natǝ mda kari cama	lapikire ura kabuwe kuza ŋanna
https://en.wikipedia.org/wiki/Preparedness	preparedness	tính sẵn sàng	预备状态	kahandaan	အသင့် ပြင်ဆင်ထားမှု	amadeyîtî	الاستعداد	utayari	dǝmɦǝdzir ndɛ ko nǝr nji	kaɓavata	ɗǝmhǝdzi	kaɓavahé
	preprint	dự thảo	预印本	preprint	ကြိုတင်ပရင့်ထုတ်သည်	pêşçapkirinê	طباعة مسبقة	kabla ya kunakilishwa	labar ata kǝ	kwarat gwada kuza sosaiya	labar atakǝra kovid-19 amma mda aɗi kuri tsaɓǝla akwa kakaɗu wa	labare kalkale atire ge kuza ŋanna
	prevent	ngăn chặn	预防	pigilan	ကာကွယ်သည်	rêlêgirtin	وقاية	kinga	kanti	mulunta	nkamta	piyante
	prevention	phòng chống	预防	pag-iwas	ကာကွယ်တားဆီးခြင်း	rêlêgirtin	مكافحة	uzuiaji	kanti ta ʻya	thlahata	nkamta	piyantire
	protect	bảo vệ	保护	protektahan	ကာကွယ်သည်	parastin	يحمي	kinga	ɓǝlati	mulunt	ɓǝlata	faɦyema
	protection	sự bảo vệ	保护	proteksyon	ကာကွယ်မှု	parastin	حماية	kukinga	ɓǝlati su	mulunta	ɓǝlata su	fanu-ɦyema
	protocol	phác đồ	协议	protocol	ပရိုတိုကောလ်/ အစဉ်အလာ ပြုမူလုပ်ဆောင်ချက်	protokol	بروتوكول	itifaki	nuwɛ su namtu ndǝ ɗǝmɦɛ	yardata nda magaghva ina	tsawa wala doka natǝ mdǝ ɗǝmha	ŋalape kalkale ge ɗàbavan duksà
https://en.wikipedia.org/wiki/Patient_Under_Investigation	PUI	PUI	调查病例	PUI	ပီယူအိုင်	KBP: Kesê Binî Peygerînê	شخص خاضع للتحقيق	Mtu aliye katika ukaguzi wa kimatibabu	PUI	PUI	PUI	PUI
	PUM	PUM	监控病例	PUM	ပီယူအမ်	KBZ: Kesê Binî Zêrevanîkirinê	شخص خاضع للرقابة	Mtu aliye katika Ufuatiliaji	PUM	PUM	PUM	PUM
https://en.wikipedia.org/wiki/Quarantine	quarantine	cách ly	检疫隔离期	quarantine	ခွဲခြားထားရှိသောအချိန်ကာလ	kerentîne	الحجر الصحي	mtengo	saka namtu ndata ndǝɦǝba ndǝnam aka kasuwa kura dzawa ƙǝɓa aka nji dwam	fata njaɗa kabga kuza	saka natǝ mda a vi mdǝ laga naka shilku kamnyar aɗe wutu mji wa	tla ura aɗaba kuza ge lokte
https://en.wikipedia.org/wiki/Remdesivir	remdesivir	thuốc remdesivir	瑞德西韦	remdesivir	ရီမယ်ဒီစီဗာ	remdesivir: dermanê dijvîrûsan	ريمدسيفير	remdesivir	kuzugu namtu ndadi kurai tǝmacini apǝri ata mǝzi tsai korona vairus wɛ	ghwinunda kada da mbataɗ tundu ama sinan bolwo	kudzugu natǝ mda aɗi kuri tamata abbǝr a tsi koronavairus wa	Kurguna kuza na a dzamava am fitarkande atikwa
	respiratory	(thuộc về) hô hấp	呼吸的	respiratoryo	အသက်ရှူလမ်းကြောင်းဆိုင်ရာ	henaseyî	تنفسي	mfumo wa kupumua	su tubwar mpikɛ	pagh sunfi	lakur mpika	puwa-shifa
https://en.wikipedia.org/wiki/Respiratory_disease	respiratory illness	bệnh về đường hô hấp	呼吸系统疾病	sakit sa respiratoryo	အသက်ရှူလမ်းကြောင်းဆိုင်ရာ နေထိုင်မကောင်းမှု	nexweşiya henaseyî	مرض جهاز تنفسي	ugonjwa wa mfumo wa kupumua	kusuwar bwar mpikɛ	kuza pagh sunfi	shilku tǝbwar lakur mpika	kuza puwa shifa
	response	phản ứng	回应	sagot	တုံ့ပြန်မှု	bersiv	استجابة	kukabiliana na janga	ʻya su ata kǝra su	dadunda mog thlina pagh sunfi dole sai sansinak mog mede	ɗǝmhur su natu mda a hara	namsa ge mela
	risk	nguy cơ	风险	panganib	အန္တရာယ်	talûke	خطر	hatari	ʻya su namtu ata mǝzi si aka ʻyantadzi	ɗusakaka	su laga na ɗimi na tsoktǝ wutu mda	hatsariye
https://en.wikipedia.org/wiki/Reverse_transcription_polymerase_chain_reaction	RT-PCR	Phản ứng tổng hợp chuỗi phiên mã ngược	逆转录聚合酶链反应	RT-PCR	ပြောင်းပြန်အဓိပ္ပါယ်ပြန်ဖော်သည့် ပိုလီမာအေ့စ်အင်ဇိုင်း ချိန်းများ တုံ့ပြန်မှု	Rûnivîsa Berevajî - Kardaneweya Zincîrî ya Polîmêrasê		RT-PCR	RTPCR	RT-PCR	RT-PCR	RT-PCR
	rumour	tin đồn	谣言	bali-balita	ကောလာဟလ	gotegot	إشاعة	uvumi	labar kura aka kǝ kura thlilɛ	gwadan thliɗing thliɗing	gari na kula dǝlpu	kishen-kishen
https://en.wikipedia.org/wiki/Influenza-like_illness	SARI	SARI	严重急性呼吸道感染	SARI	ဆားရ်စ် ခေါ် ဆိုးရွားပြင်းထန်သည့် အသက်ရှူလမ်းကြောင်းဆိုင်ရာ ကူးစက်ရောဂါ	THDT: Teşeneyên Henaseyî yên Dijwar û Tûj	العدوى التنفسية الحادة الوخيمة	Maambukizi Makali ya Mfumo wa Kupumua	SARI	SARI	SARI	SARI
https://en.wikipedia.org/wiki/Severe_acute_respiratory_syndrome	SARS	SARS	非典型性肺炎	SARS	ဆားရ်စ်	SARS: Nexweşiya Kulbûna Siyê ya Tûj	المتلازمة التنفسية الحادة الوخيمة	Maambukizi Makali ya Mfumo wa Kupumua	SARS	SARS	SARS	SARS
https://en.wikipedia.org/wiki/Severe_acute_respiratory_syndrome_coronavirus_2	SARS-CoV-2	SARS-CoV-2	非典冠状病毒2型	SARS-CoV-2	ဆားရ်စ် - ကိုရိုနာဗိုင်းရပ်စ် -၂	SARS-KoV-2	سارس كوف 2	Maambukizi Makali ya Mfumo wa Kupumua-CoV-2	SARSCoV-2	SARS-CoV-2	SARS-CoV-2	SARS-CoV-2
https://en.wikipedia.org/wiki/Spontaneous_breathing_trial	SBT	SBT	自主呼吸试验	SBT	အက်စ်ဘီတီ ခေါ် အလိုအလျောက် အသက်ရှူပုံ စစ်ဆေးမှု	Ceribandina Henaskirinê ya Jixweber (CHJ)	اختبار التنفس التلقائي	jaribio la kupumua kivyako	SBT	SBT	SBT	SBT
	screening	(khám) sàng lọc	筛查	pagsuri	ရောဂါရှိမရှိ စမ်းသပ်ခြင်း	saxtî kirin	فحص	ukaguzi wa kimatibabu	whalir wulba ndɛ akuyake ndǝ zǝndiba kasuwarni	gwada tundu	lakur car mda akwa nca mji naka shilku	gwata-ura ge diya nazu awanwa
https://en.wikipedia.org/wiki/Quarantine#Self_quarantine	self-quarantine	tự cách ly	自我检疫隔离	self-quarantine	မိမိဖာသာ ခွဲခြားစောင့်ကြည့်ခြင်း	xwe-kerentîne (kirin)	حجر ذاتي	kujitenga	njai gǝ dukur ngɛ kura waima adzǝ ngɛ kadubar gɛ adiyada bara ka waima bui kasuwa ko njai adzǝ ngɛ wɛ	tsuhurata tala ghang	ndzǝndzi afiya gǝ duku ma gǝ dzama abbǝr ga aɗi lapiya wa	tla ire ge nja mba
https://en.wikipedia.org/wiki/Sepsis	sepsis	nhiễm trùng huyết	败血症	sepsis	ပြည်တည်နာ	jehrbûna xwînê	إنتان	sepsisi	kwayar kulangakur nam akwa masi	kuzunda maghva	su na ana sǝntǝ shilku akwa mamshi	kuza am uzhé
https://en.wikipedia.org/wiki/Serology#Serological_surveys	serological survey	khảo sát huyết thanh học	血清学检查	serological survey	သွေးရည်ကြည်တွင်းရှိ ပဍိပစ္စည်းများကို ဆန်းစစ်လေ့လာခြင်း	vekolîna avxwînî	استقصاء علم أمصال	uchunguzi wa kutambua hatari ya kupata maambukizi	nkǝrti zǝndir su ata kǝra masi pam pam	gwada tuɓas	nkǝrta suayeri na akwa kuta mamshi	gwata úzhe
https://en.wikipedia.org/wiki/Influenza-like_illness	Severe Acute Respiratory Infections	Nhiễm trùng hô hấp cấp tính nặng	严重急性呼吸道感染	Severe Acute Respiratory Infections	ဆားရ်စ် ခေါ် ဆိုးရွားပြင်းထန်သည့် အသက်ရှူလမ်းကြောင်းဆိုင်ရာ ကူးစက်ရောဂါ	Teşeneyên Henaseyî yên Dijwar û Tûj	العدوى التنفسية الحادة الوخيمة	Maambukizi Makali ya Mfumo wa Kupumua	SARI	kuza pagh sunfi kusa tund sosaiya	shilku na mwavǝr na tsukwa lakur mpika	maɗala guza puwa shifa
https://en.wikipedia.org/wiki/Severe_acute_respiratory_syndrome	Severe acute respiratory syndrome	hội chứng suy hô hấp cấp tính nặng	非典型性肺炎	Severe acute respiratory syndrome	ဆိုးရွားပြင်းထန်သည့် အသက်ရှူလမ်းကြောင်းဆိုင်ရာ ရောဂါလက္ခဏာစု	nexweşiya kulbûna sîhê ya tûj	المتلازمة التنفسية الحادة الوخيمة	Maambukizi Makali ya Mfumo wa Kupumua	kasuwa nam kulɗa tubwar mpikɛ	kuza sunfa bija	shilku na mwavǝr na ar bwar lakur mpika	maɗala kuza puwa shifa
https://en.wikipedia.org/wiki/Shortness_of_breath	shortness of breath	khó thở	气短	pangangapos ng hininga	အသက်ရှူကြပ်ခြင်း	neks	ضيق التنفس	matatizo ya pumzi	nkidukurir mpikɛ	pagh sunf thliɗek thliɗeka	hara mpika ka bwani	cukwire puwa-shifa
	sick	bị ốm	生病的	may sakit	နေမကောင်းသော	nexweş	مريض	kuugua	kula nga	kuza	ngawa	lapikire
https://en.wikipedia.org/wiki/Command_center#Military_and_government	situation report	báo cáo tình hình	形势报告	ulat sa sitwasyon	အခြေအနေဆိုင်ရာ အစီရင်ခံစာ	rapora rewşê	تقرير الحالة	ripoti ya hali	rupotu ata kǝra su namtu ndɛ akwa	kwarat njuka amndelo	labar ar su na akwa mwa atakǝra shilku	labare nazu amikwa ɗe
https://en.wikipedia.org/wiki/Sneeze	sneeze	hắt hơi	打喷嚏	bumahing	နှာချေခြင်း	pişkîn	عطاس	kupiga chafya	wachihi	watsiya	wacǝhi	atisha
	soap	xà phòng	肥皂	sabon	ဆပ်ပြာ	sabûn	صابون	sabuni	sampul	sabulu	sabul	sapuna
https://en.wikipedia.org/wiki/Social_distancing	social distancing	hạn chế tiếp xúc xã hội	社交距离	social distancing	လူမှုရေးအရ ခပ်ခွာခွာနေခြင်း	dûrbûna civakî	التباعد الاجتماعي	umbali kati ya mtu na mwingine	kǝnta kǝba aka nji wato kura vu kǝr ngɛ akwa ntsa nji	rega kasaghva ndundu	kǝmta lukwa wala kǝɓa ka mji	nja gyegyiye an zlama kǝlaawa
https://en.wikipedia.org/wiki/Sore_throat	sore throat	đau họng	喉咙痛	masakit na lalamunan	လည်ချောင်းနာခြင်း	êşa qirikê	التهاب الحلق	koo linakwaruza	gyang nam aka mɓulku akwa wuya	wulkat kwarak	kǝtǝr fulam	suwa mbakulala
https://en.wikipedia.org/wiki/Oxygen_saturation_(medicine)	SpO2	SpO2	血氧饱和度	SpO2	အက်စ်ပီအိုတူး/ ခန္ဓာကိုယ်အစွန်အဖျားရှိ ဆံချည်မျှင်သွေးကြောများတွင်းရှိ အောက်ဆီဂျင် ပြင်းအား	SpO2: amûra sehkirina mêjera oksîjenê di xwînê de	التشبع المحيطي بالأكسجين	Oksijeni ya kuongezwa	SpO2	SpO2	SpO2	SpO2
https://en.wikipedia.org/wiki/Spontaneous_breathing_trial	spontaneous breathing trial	thử nghiệm cho tự thở	自主呼吸试验	spontaneous breathing trial	အလိုအလျောက် အသက်ရှူပုံ စစ်ဆေးမှု	ceribandina henase ya jixweber	اختبار التنفس التلقائي	jaribio la kupumua kivyako	nkǝrti ko ndata mǝzi ɓǝla badicini mpikɛ	nighapta kaɗa da pighat sunfi	nkǝrta natu mda a hara ka ngaɓǝla wala tsa a tsokta hara mpika kula sur dlara	gwata ura ge puwa shifa
	spread	lây truyền	传播	paglaganap	ကူစက်ပျံ့နှံ့သည်	teşene kirin	الانتشار	kuenea	tǝtǝlntadzi	kwito	yatǝdzi	diga kuza ge ndumele
	suspect case	ca nghi nhiễm	疑似病例	hinihinalang kaso	သံသယရှိဖွယ်ရောဂါ	rewşa gumankirî	حالة مشتبه فيها	kisa kinachoshukiwa	su nam tara ʻya namtu ndɛ tǝmacini	undunda ta nighal man kafkisa kuza	shilku natu mda aɗi kuri ngaɓǝla kǝra wa	una a dzamava an kuza na
https://en.wikipedia.org/wiki/Symptom	symptoms	triệu chứng	症状	mga sintomas	ရောဂါ လက္ခဏာ	nîşan(ên)	الأعراض	dalili	suyere namtu kasuwa ada tsanti ka sǝba	skeba kuza tundu	lalamayeri na ar shilku	nalamaha mara kuza
https://en.wikipedia.org/wiki/Syndrome	syndrome	triệu chứng	综合征	syndrome	ရောဂါ လက္ခဏာစု	nîşana hevdem	عرض	dalili za pamoja	alamar kulangakuryere	maraghvaha kuza tundu	suayer na ncanta mda tsaka shilku	nalamaha kuza
https://en.wikipedia.org/wiki/Therapy	therapy	liệu pháp (điều trị)	治疗	therapy	ကုထုံး	çareserkirin	علاج	tiba	na ndɛ kuzugu ka ndɛ bui lapiyakur	mbuk tewa kuza	jaktǝ na kudzugu aka mda na baitu wutu lapiya	melanuhe ge urana ndza lapikana
https://en.wikipedia.org/wiki/Tissue_(biology)	tissue	khăn giấy	纸巾	tisyu	တစ်ရှူးစက္ကူ	destmal	منديل	tishu	pepa nǝr fwavunta diɗɛ	takarda masa jivo	thlalir kakaɗu ar kǝkǝrǝmta diɗi	tishu
	transmission	sự lây truyền	感染	pagkahawa	ကူးစက်သည်	veguhestin	انتقال	kuenea	tǝtǝlntadzir kasuwa	valt kuza mundu	yatǝdzǝr shilku	zlalava kuza am dagava uraha
	treatment	điều trị	治疗	panggagamot	ကုသမှု	derman kirin	العلاج	matibabu	na kuzugu ala ndɛ ka dzǝ ya lapiya	valt ghwini	hara kudzugu	ga slera an kurgune ge shante lapiyire
https://en.wikipedia.org/wiki/Triage	triage	phân loại bệnh nhân	分诊	triage	ရောဂါပြင်းထန်မှုအလိုက် ဦးစားပေးကုသမှု	cudakirin (a yên nexweş)	فرز المرضى	kupimwa	na ndɛ dlarɛ kadubar kasuwarni ani ada bara dlarɛ bet bǝtu	valt tamoko anjivan jivo anga laha kusa kuza	baɗitǝr wulhu mda natu shilku ni wutu ni ka mwavǝr	zhera urana yaike wégé ane na zuŋŋwe
	underlying health conditions	bệnh lý nền	基础病	mga dati nang problema sa kalusugan	နောက်ခံ ကျန်းမာရေးအခြေအနေများ	rewşên tenduristî yên bingehîn	الظروف الصحية الكامنة	matatizo mengine ya kiafya	kasuwa namtu wacima dzadai	kuzunda sa hahaɗe	shilku natu ca ma aɗi	kuzana awa urana
https://en.wikipedia.org/wiki/Vaccination	vaccination	tiêm phòng	疫苗	pagbabakuna	ကာကွယ်ဆေးထိုးခြင်း	tamandin	اللقاح	chanjo	kuzugǝr rigakafi	ghwina mulunt kuza	kudzugur rigakafi	rigakafiye kuza
	ventilation	thở máy thông khí	通气功能	bentilasyon	လေဝင်လေထွက်	badarî	التهوية	kusiadia kupumua	bui sambar nam ɗaku	wativa javat safaka	sur mpika na ar mdǝ na ngawa	naza fare puwa shifa
https://en.wikipedia.org/wiki/Virulence	virulence	độc lực	致病力	bagsik	ပြင်းအားများသော	bedî (mêjera dijwariya vîrûsan)	حدة الوباء	ukali wa ugonjwa	ɗǝna sǝr vu su laka namtu ata mǝzi si aka kasuwa laka	bijaɗuka kuza ngane	ngal na ar mwavǝrkur suayeri na ana sǝntǝ shilku	aza gwata lakire kuza ŋanna vavaye am vuwe
https://en.wikipedia.org/wiki/Virus	virus	vi rút	病毒	virus	ဗိုင်းရပ်စ် ပိုး	vîrûs	الفيروس	virusi	vairus	inat sangat kuza	su rakka natǝ nca aɗa tsoktǝ wuta wa na ana sǝntǝ shilku	kuza
	virus	vi rút	病毒	virus	ဗိုင်းရပ်စ်ပိုး	vîrûs	فيروس	virusi	vairus	ina hunda sangat kuza	vairus	kuza
https://en.wikipedia.org/wiki/Zoonosis	zoonotic	lây truyền từ động vật sang người	人畜共患病	zoonotic	တိရိစ္ဆာန်ကြောင့် ကူးစက်သည့်ရောဂါ	ajalî (vegirtina nexweşiyan ji ajalan)	مرض حيواني المنشأ	maambukizi ya kutoka kwa wanyama	kasuwa nam ada buidzi akwa ntsa nji amma waci ndada bui tǝdar tubwar mawi	kuzunda da sangat kuzaha sakwidi man avla ginauha		
